answer,random_guesses,minimise_vocab_guesses
water,4,5
adorn,3,3
helps,4,3
oiled,4,4
keeps,5,4
corso,3,3
skulk,4,4
roofs,3,4
ennis,4,3
fifth,5,4
howda,4,4
elfin,5,3
lingo,3,4
gates,7,5
human,4,4
seoul,4,3
wisps,4,4
cases,9,4
lippi,4,4
forgo,5,4
sired,3,3
incur,4,2
sense,3,3
knite,5,4
perch,4,4
sieux,4,4
ratio,5,3
rarer,7,5
sired,3,3
randy,4,3
safer,5,3
grape,6,5
space,3,4
worst,5,4
jules,5,4
lloyd,4,4
dicks,6,4
hiram,3,5
byzas,3,4
paces,2,4
caius,5,4
probe,4,3
foggy,7,5
spain,6,4
bilge,3,4
shear,3,3
takin,5,3
hunts,6,3
irons,5,3
booze,3,4
snobs,3,4
rabat,5,3
culte,4,4
jakes,5,5
flynn,5,4
realm,5,4
kafka,4,4
flees,6,4
lathe,5,3
randy,5,3
mckee,4,4
devil,4,3
howdy,3,4
wager,7,4
foley,4,4
secco,3,4
puffy,6,4
choir,5,3
loved,4,3
wryly,4,4
cleft,3,3
mater,4,4
tombs,4,4
staid,4,4
telli,5,4
rosie,4,3
snout,6,3
jessy,3,4
altho,4,3
molal,5,4
fires,4,4
yeats,7,4
furor,5,3
lusty,4,4
dever,5,4
warty,5,4
waldo,5,4
tahse,3,4
award,4,4
emile,4,4
space,5,4
palms,3,5
marmi,6,4
polar,4,3
atune,4,4
sochi,4,4
rival,3,4
shack,5,3
drewe,5,5
othon,5,4
reply,3,5
sunny,5,3
realm,4,4
hoofs,6,5
raimu,3,4
cruel,4,4
story,6,4
olden,4,3
omega,4,4
kanin,4,3
russe,4,4
hewed,5,4
suite,5,3
guide,5,4
holds,5,4
lucia,6,4
negro,5,4
damon,3,4
yooee,5,4
grave,8,5
delia,4,4
glenn,4,4
whirl,4,4
knobs,5,4
howda,6,4
endow,5,3
tenda,3,3
affix,4,4
dussa,4,4
durer,4,3
timed,6,4
stops,4,4
wisps,4,4
boris,4,3
basso,3,4
moved,4,3
nacht,3,3
affix,4,4
shied,5,3
synce,4,3
traps,4,4
dukes,4,5
leger,3,4
piled,4,4
clear,3,3
habib,4,3
hildy,5,3
fears,7,4
seers,6,3
class,4,4
algol,4,4
nooks,5,3
plump,5,4
theme,4,4
cycle,5,4
errol,4,4
weirs,3,4
mousy,4,3
berth,6,3
stowe,5,4
bawhs,4,4
haste,3,3
chico,4,3
mused,5,4
spend,3,3
patch,2,4
tosca,4,4
ogled,4,4
tunis,4,4
droop,5,4
burma,4,3
usurp,3,4
sauce,5,3
elegy,5,3
price,4,4
towne,4,4
balks,5,3
burma,4,3
khaki,4,4
crowd,4,4
thine,3,4
gamma,4,3
jaded,4,5
suing,4,4
lyman,4,4
hooks,3,5
views,3,4
alain,4,4
buyer,6,4
paget,5,4
shiny,6,3
flora,5,3
linda,4,3
ogled,2,4
trait,3,4
hyena,4,4
fines,4,3
tears,10,3
minus,7,4
story,4,4
honor,3,3
unagi,5,3
attis,4,4
cemal,5,4
ilona,4,3
gasse,3,4
henry,4,3
tanks,4,4
hindu,3,3
might,5,5
sneer,3,2
arden,5,2
scalp,3,4
adobe,4,4
cocoa,3,4
prick,4,4
murat,3,3
space,3,4
brows,5,4
study,3,4
minds,3,4
radio,3,4
urich,4,4
gusts,7,4
haven,5,3
doped,4,4
cried,4,3
godot,3,3
banal,4,4
cargo,5,4
haaek,4,4
rossi,4,3
nests,7,4
lapse,3,3
bmews,4,4
farms,4,3
inure,4,3
fried,6,3
beget,4,3
buyer,4,4
jules,6,4
sixty,4,4
goods,5,5
asses,4,4
priam,4,4
gogol,5,4
peals,3,3
audio,4,3
wryly,5,4
shirt,4,3
mowed,6,4
yours,4,5
tower,5,3
bravo,5,4
elder,5,4
carol,5,4
teeth,5,4
gorge,5,4
hoops,6,5
chess,5,4
munch,4,4
tyson,4,4
swank,4,4
campo,3,4
befoh,3,4
poker,6,4
gowns,3,4
faber,4,4
peels,4,3
polls,4,5
sappy,5,4
chart,3,3
capes,5,5
older,3,3
italy,5,4
tough,4,4
using,3,4
sadie,5,3
books,4,4
clara,4,3
sarmi,4,3
deras,5,3
adler,4,3
doria,5,4
sweep,4,3
ideal,4,3
reyes,2,3
gypsy,4,4
lolly,5,4
owner,3,3
occur,5,3
arlen,5,3
venom,5,4
sochi,5,4
finot,3,3
chung,4,3
torch,4,3
posts,6,4
scare,4,3
olsen,3,3
feare,6,4
bodes,5,4
samoa,5,3
shunt,4,3
cheek,5,4
lagow,3,3
sales,7,3
syria,3,3
rhode,4,4
mckee,3,4
newer,5,4
infer,2,3
remus,3,4
jumpy,4,4
fidel,5,3
dully,5,3
niobe,5,4
horne,4,4
stops,5,4
doaty,5,4
miter,4,4
shank,4,3
credo,4,4
hoods,5,4
pynte,3,3
royce,5,4
limbs,4,4
pratt,5,4
bolet,4,4
meats,6,4
julie,5,3
adept,4,3
hardy,6,4
stump,6,3
idyll,3,4
pecos,4,4
arden,4,2
bexar,5,3
meals,2,4
camps,5,4
dines,9,4
sneak,5,3
mason,4,4
bowls,6,4
gerry,10,5
pools,6,4
tabit,5,4
odell,4,4
heute,4,4
irvin,5,3
tooth,4,4
lemma,4,4
monet,4,4
xylem,4,4
boies,7,3
erred,2,3
reads,5,4
hotei,3,4
keith,3,4
femme,4,4
shack,4,3
polio,4,4
tubes,4,4
often,4,3
candy,6,3
fagan,4,4
doble,5,4
alsop,4,4
easel,3,4
lined,4,3
polio,4,4
beets,5,4
armor,6,3
state,6,4
jesse,5,4
power,3,5
femme,4,4
tempo,3,4
sober,5,3
pratt,5,4
arabs,5,3
salty,5,4
irons,4,3
scent,3,3
clyde,4,4
lanky,4,4
peers,6,5
oskar,4,3
speer,3,3
bards,3,4
evils,3,4
duped,3,3
image,5,4
tents,3,3
abbey,3,3
storm,5,3
salem,6,3
tardy,5,3
world,3,4
falls,2,4
anode,5,4
hears,10,4
tasso,4,4
carts,4,4
crane,5,3
nozze,4,4
comus,5,3
mille,6,4
buber,7,4
atlee,4,3
bakes,6,5
texts,5,4
dined,4,3
vista,4,4
olive,5,4
privy,4,4
honor,4,3
sousa,4,4
vegas,3,4
wrist,4,5
lemme,3,4
douce,5,4
combo,4,4
shame,6,4
chalk,4,4
yahwe,4,4
corks,4,3
windy,6,4
nymph,4,4
vines,4,5
taped,4,4
float,5,4
shims,3,4
chung,3,3
walks,3,4
maser,3,3
solos,4,3
minks,7,3
axial,2,4
keane,4,3
smack,5,3
shahn,3,3
satis,4,3
aiken,2,3
venom,4,4
malia,4,3
posed,5,4
skies,4,3
estes,4,3
colee,5,4
vital,4,5
baggy,6,4
camps,4,4
pines,10,4
swoop,4,4
budge,4,4
cooks,4,4
grill,5,4
paced,5,4
tenor,4,2
fidel,5,3
drake,5,3
tramp,2,4
spots,5,3
carte,3,4
draft,5,4
mille,4,4
cruel,3,4
roars,3,4
ramps,3,3
gourd,4,3
saint,4,3
quits,4,4
fauna,4,4
faint,3,4
burke,5,4
final,3,3
fahey,4,4
roved,5,5
slugs,6,4
arrow,2,4
haute,4,3
payne,4,3
blues,5,3
funds,4,4
small,3,3
grape,3,5
capes,8,5
statu,5,4
remus,3,4
david,5,4
slums,5,5
glint,4,4
flung,4,3
petit,4,4
celie,6,2
posse,4,4
mined,6,3
shies,3,3
babes,6,5
sword,4,3
above,5,4
paths,4,4
tried,3,4
gerby,3,4
atlas,4,3
kanin,4,3
ashes,5,3
busts,3,4
garza,3,5
trash,5,4
celie,3,2
stags,4,4
woven,6,3
scene,4,3
afire,4,3
gerry,5,5
blume,4,4
voter,6,4
sheet,5,3
croak,4,3
guise,3,4
tawny,4,4
stray,2,4
belge,3,4
midas,4,4
straw,4,3
bexar,5,3
dolan,4,3
array,4,4
roles,4,4
roast,5,3
nilly,4,4
brood,5,4
shack,6,3
ratto,4,4
black,4,4
steel,3,4
stick,5,4
hands,5,3
naebm,4,3
gaily,4,4
hours,2,4
gelly,5,4
whole,5,4
beeps,6,4
walsh,4,4
limbo,3,4
means,5,3
allso,3,3
noose,4,4
gator,7,4
bland,5,4
keene,4,4
sarah,4,3
ohmic,4,3
wedge,5,4
ogden,3,4
susie,3,4
snack,6,3
queer,4,4
saver,5,3
peony,4,3
ernst,5,2
poems,4,3
sleep,6,4
guise,3,4
grand,3,3
fives,4,5
aside,4,4
gusty,3,4
weeks,5,4
meals,3,4
psalm,4,3
swank,4,4
monel,5,3
aimed,4,3
latch,7,3
tower,4,3
corns,4,3
frame,3,4
stain,4,3
fuchs,6,4
famed,5,5
other,4,3
gonne,5,4
stacy,4,4
rajah,6,3
gourd,5,3
frogs,5,4
vinyl,4,4
occur,4,3
shams,5,3
basie,4,3
jails,6,5
trunk,4,4
growl,6,4
naval,3,3
bathe,3,3
booby,4,4
satan,3,3
buber,4,4
boost,6,3
marty,4,4
keene,4,4
could,5,2
dense,4,3
sauce,4,3
grief,3,4
pound,5,4
meyer,5,4
couve,3,4
teats,4,5
bates,7,4
resin,3,3
bugle,3,4
germs,4,4
lungs,3,4
plugs,4,4
doria,4,4
masks,7,4
house,4,4
surly,3,4
shred,5,3
alpha,4,4
satis,5,3
puppy,4,4
budge,4,4
byzas,5,4
lolly,5,4
helen,3,4
fumes,3,3
grabs,4,2
kline,4,4
genre,4,3
wyman,3,4
suits,5,4
bevel,3,3
heare,3,4
cloth,3,4
users,5,4
bombs,4,4
lingo,4,4
houtz,5,4
sofas,3,3
windy,5,4
ndola,3,3
sugar,4,3
aiken,5,3
harsh,4,3
hetty,5,5
duped,5,3
crest,4,4
woods,3,5
spoke,6,4
spear,3,3
vigil,5,4
enemy,3,3
cites,7,4
scott,4,3
bylot,4,4
holds,4,4
lemma,4,4
tokyo,4,4
moods,7,5
surge,2,3
ashen,4,2
gawky,5,4
willy,4,4
luisa,4,4
poems,4,3
diane,3,4
wisps,5,4
sworn,5,3
swamp,3,4
mulch,5,4
gratt,5,3
basie,4,3
stood,5,3
gowns,2,4
chunk,4,4
inlet,3,3
gulps,5,4
giles,4,4
edges,5,4
yalta,4,3
heare,3,4
nymph,5,4
hoods,4,4
could,6,2
sewed,5,3
mecum,3,4
luise,4,4
chump,5,4
myths,3,4
polka,3,5
beams,4,4
swoop,4,4
boyce,6,3
decca,5,4
zeiss,3,5
clear,3,3
waged,8,4
grate,5,4
ruins,3,3
deeds,4,4
every,4,4
heine,5,3
block,4,4
owner,4,3
rebel,4,4
groot,4,3
banjo,4,4
hover,4,4
staff,4,4
again,4,3
hoofs,5,5
adlai,4,3
finan,5,4
yearn,5,3
santa,5,3
caves,4,5
behan,4,4
lurid,4,4
madly,2,4
pores,6,4
injun,4,3
orney,3,2
pecks,4,3
adage,5,3
studs,4,4
burne,3,4
torso,4,3
cough,5,4
empty,3,4
prize,5,5
field,4,4
hopes,5,4
priam,5,4
paper,4,4
steve,5,4
edwin,5,3
kelts,4,4
paray,2,4
lacks,5,3
lundy,4,4
tweed,5,4
alton,4,4
saxon,3,3
posse,4,4
vilas,6,4
sheen,3,3
zeiss,5,5
harem,4,3
meyle,4,4
volta,3,4
onion,5,4
pinar,4,3
sloop,4,3
clams,5,2
knees,5,3
hewed,6,4
dines,6,4
facet,4,4
drake,3,3
erred,6,3
overt,5,4
druid,5,4
heade,3,4
kader,4,5
mauch,3,4
versa,5,4
prado,4,4
sabre,5,2
ileum,4,4
janis,5,3
itoiz,4,4
nadir,3,2
arata,5,4
recit,4,4
agnes,5,2
enemy,4,3
windy,5,4
moses,6,4
cubes,4,4
ankle,3,4
clays,5,4
dukes,6,5
biter,5,3
agile,3,4
groin,4,4
gages,6,5
beame,5,4
yaddo,5,4
tommy,5,4
adolf,4,3
boyer,6,4
slaps,6,4
lobes,3,3
moody,5,4
nonce,4,4
caper,5,4
errol,2,4
lodge,4,5
amici,5,4
mules,5,3
burns,4,3
rican,4,4
amass,4,3
bantu,5,4
alton,5,4
pedro,2,4
magog,5,5
wrong,4,4
filth,3,4
vitus,4,4
soils,4,3
reyes,3,3
phyfe,4,4
bondi,4,3
bexar,5,3
pluck,5,3
worry,4,4
stars,7,4
tides,3,4
highs,4,4
arabs,3,3
paper,8,4
eject,5,3
drown,2,4
harpy,6,4
mamma,5,4
ransy,5,3
waits,3,3
rapid,5,4
felix,4,3
crazy,5,4
floor,3,3
jorda,5,4
ishii,4,4
izaak,5,3
lanes,6,3
voume,3,4
ainus,3,2
eaten,5,3
butts,4,5
gourd,3,3
shock,3,4
forms,6,5
brady,5,4
saxon,5,3
epsom,5,3
ludie,5,4
miter,4,4
mayst,3,4
waxed,8,5
filly,4,4
annoy,2,3
dazed,6,4
taras,4,3
metro,4,3
hulks,6,5
drone,4,4
nehru,4,4
shiny,5,3
buggy,6,4
alibi,4,3
trees,3,3
bawhs,3,4
kinda,3,3
paces,4,4
plush,4,4
leone,5,2
decay,4,3
kathy,5,4
crass,6,4
loyal,5,5
delle,4,4
beets,4,4
necks,4,3
paled,5,4
voume,5,4
emcee,3,4
corps,6,4
coons,3,4
creek,5,3
about,5,4
panel,5,3
ponds,6,4
owens,4,3
domes,5,4
cease,3,3
dwyer,5,4
mckee,4,4
thine,4,4
array,4,4
flynn,4,4
sofas,4,3
forty,5,4
turin,4,3
loewe,3,3
vevay,5,4
walks,5,4
boxes,6,4
bundy,4,3
dwell,4,4
novak,4,4
black,4,4
alloy,3,5
dandy,5,4
birds,3,3
sacks,4,3
virus,5,4
young,4,5
adorn,4,3
fused,5,4
bangs,6,3
waged,7,4
jacob,4,4
fours,4,4
pinks,6,3
friar,3,3
raimu,3,4
savor,5,3
canny,3,3
alamo,2,2
latex,5,3
jinny,4,3
offal,5,4
manny,4,4
mecum,5,4
sally,4,4
croak,4,3
abyss,5,4
dines,5,4
crawl,4,3
pedal,4,4
unfit,4,4
rumen,3,3
braun,3,3
wraps,4,4
tagua,4,4
hemus,5,4
rebut,3,3
peers,4,5
misty,3,4
soule,5,4
savvy,6,4
muddy,4,4
babin,4,3
roads,5,4
valid,5,4
evoke,3,3
circa,4,4
users,4,4
chung,5,3
abuse,4,3
tapes,6,5
groin,4,4
natal,6,3
binds,6,4
grill,4,4
named,7,4
takin,4,3
naval,5,3
salle,5,3
graph,5,5
bragg,5,4
users,4,4
cabin,5,4
ervin,4,3
keine,3,4
shops,5,4
matsu,4,4
behan,6,4
whore,6,5
stems,5,4
perez,4,4
quill,4,4
nogol,3,4
speer,2,3
bulge,6,4
cruel,3,4
naxos,3,3
tooke,4,5
plume,2,5
cheap,5,4
ended,4,3
arden,3,2
tough,5,4
foamy,4,3
cigar,2,4
eager,6,4
belge,4,4
julia,5,4
rebel,4,4
sprue,3,3
ropes,3,4
mando,4,4
dress,4,3
plows,4,4
inlet,4,3
mauve,4,4
burly,4,4
ennis,5,3
celso,5,3
meted,4,4
align,4,2
style,4,3
upset,4,4
tonio,5,3
miles,3,3
plaid,5,4
waves,8,4
shute,6,4
miles,4,3
heade,4,4
combe,5,4
niobe,4,4
oathe,3,4
merit,4,3
sheds,3,4
pruta,4,3
stood,4,3
print,5,3
fleet,2,4
gogol,4,4
blume,5,4
shoes,3,4
gains,4,3
jacky,5,4
baron,4,3
adore,3,3
batch,4,4
snare,4,2
ecole,4,3
johns,3,3
drawn,4,3
clean,5,3
looks,3,4
curls,4,4
dosed,4,4
weiss,4,4
flesh,5,4
seers,5,3
starr,2,3
popes,5,4
lloyd,5,4
abler,5,3
luise,4,4
busts,6,4
wiped,3,4
stint,5,4
andre,3,3
beans,6,3
tacit,2,4
wally,6,4
manes,7,3
julia,6,4
order,5,4
docks,4,4
peels,5,3
khmer,4,5
chaos,3,3
waive,5,4
finan,4,4
check,5,3
anger,4,2
cieca,4,4
farce,3,3
nixon,5,4
wrote,3,3
flats,3,4
tumor,5,4
bylot,4,4
latch,7,3
artie,4,3
basel,3,3
cheat,6,3
ionic,3,4
reiss,3,3
bogus,4,3
datum,3,3
tiger,4,4
tokyo,3,4
lamar,4,3
spain,1,4
novel,4,3
jerry,10,6
nasty,4,3
snack,5,3
adams,4,3
skits,4,3
ample,4,4
seers,7,3
align,4,2
signs,3,3
rafts,3,3
patsy,5,4
thief,3,4
trays,3,4
limbs,6,4
fiend,4,4
digby,3,4
reins,5,3
bison,4,3
blanc,5,4
stake,7,4
missa,6,4
grits,3,4
klein,5,4
korra,4,5
hokan,2,4
ruins,4,3
poesy,4,4
ghent,4,4
faget,4,4
patti,3,4
tenth,5,3
coups,4,3
alger,3,3
bevor,5,2
genus,7,4
merle,5,4
lifts,4,4
gazes,8,6
robin,3,3
merce,5,4
bombs,6,4
sibly,4,3
scars,5,4
metro,4,3
vexed,6,3
dieux,4,4
spots,3,3
leash,6,4
loren,3,3
khasi,4,4
exert,3,4
pumps,3,4
orvis,4,4
yakov,3,4
stirs,4,4
fever,5,4
disks,4,4
seems,5,4
degas,4,4
sidle,2,3
phyla,4,4
heave,4,4
empty,3,4
belch,5,3
knott,4,3
adams,3,3
sakos,4,3
spout,4,3
magee,6,4
comer,7,4
patil,5,4
nooks,4,3
needs,6,3
finan,6,4
chris,3,3
dutch,5,3
venti,5,3
clubs,4,3
aloes,5,3
fleck,3,3
names,4,2
grasp,4,3
coney,5,3
pains,6,3
knead,4,4
brest,4,4
nolan,4,4
strut,4,3
tough,5,4
sayed,4,3
agone,5,3
sends,6,3
cling,4,3
draws,4,4
trims,3,4
meets,3,4
mouth,5,4
niche,6,4
knead,5,4
asser,2,3
amide,6,4
foams,4,4
occur,3,3
berra,4,4
seems,6,4
aroma,4,4
taffy,4,3
vaska,4,3
blume,3,4
simba,3,3
deeps,4,4
nagel,5,3
bueno,4,3
radic,5,3
caius,4,4
litle,5,4
lante,4,3
taxis,4,4
serum,3,3
fetid,4,3
moore,6,4
apple,5,4
marie,5,3
fifty,4,4
navel,3,3
milan,4,3
posse,4,4
lumia,5,3
pains,5,3
spout,4,3
curve,3,4
peace,5,4
crowd,4,4
looms,5,4
vidal,2,4
troop,5,4
hertz,4,3
khmer,3,5
funny,5,4
dimes,3,3
daunt,5,3
blatz,6,4
hasps,4,4
brunt,5,3
hoods,3,4
snick,4,3
draco,4,3
luisa,4,4
cased,6,3
inert,4,3
flows,4,5
loped,4,4
lanes,6,3
angie,5,4
modus,3,4
sacre,5,3
stags,6,4
seato,4,3
pokes,4,4
lunar,2,2
smear,4,3
damas,4,4
meyle,4,4
halda,3,3
ditty,4,4
nikko,4,4
sotun,5,4
serve,5,4
farce,5,3
wynne,4,4
stool,5,3
capes,5,5
often,6,3
missy,4,4
menas,5,2
utter,4,3
forty,4,4
wayne,5,3
thout,5,4
monic,4,4
borne,4,3
caron,4,3
cadet,5,3
firma,5,4
benet,5,3
lumen,4,3
palms,5,5
whigs,5,4
chafe,4,4
above,6,4
jakes,8,5
cater,6,4
kiang,4,4
hiram,4,5
pinch,3,4
dixie,5,4
medea,3,3
spare,4,3
hedda,4,3
riots,3,3
rhode,3,4
month,2,3
olney,4,3
reese,4,3
onset,3,3
rated,3,4
split,4,3
menas,5,2
stacy,4,4
seven,4,2
peepy,5,4
curls,4,4
stars,6,4
halma,5,4
twice,3,4
lucky,4,3
coons,5,4
lefty,3,4
crest,4,4
brown,6,3
bolts,5,3
thine,5,4
myers,5,4
hitch,8,5
erdos,4,4
whoop,4,4
birth,4,4
built,4,4
plaza,4,4
shute,4,4
swarm,4,3
paula,5,4
amber,5,3
truer,4,3
couve,6,4
terms,5,3
smile,4,4
layer,6,3
howda,5,4
modus,5,4
munch,5,4
shook,4,3
chump,4,4
ditch,4,3
silly,3,4
perch,5,4
ghent,3,4
tyler,6,4
waver,7,5
nasty,5,3
rupee,5,4
clear,3,3
betty,3,4
carty,2,3
shuns,4,3
taboo,6,4
holed,4,4
lagow,3,3
dubin,4,3
belts,5,4
porch,4,4
sours,5,4
rhyme,4,4
salem,4,3
tasty,5,4
hills,7,4
jibes,7,4
valet,4,3
pigen,5,4
lasso,5,3
minot,4,4
snook,5,3
heirs,5,3
groan,5,4
tufts,4,5
ratto,4,4
pecos,4,4
grain,4,3
weigh,4,4
sport,5,3
hover,5,4
chest,4,4
tales,5,3
hoaps,3,4
cheap,3,4
cargo,3,4
tools,3,3
proud,4,4
daley,3,3
groin,5,4
titre,3,4
tally,5,3
exalt,4,3
lange,4,3
gotta,4,4
briar,3,3
craze,4,5
camel,4,4
doing,3,4
fumed,4,5
forgo,6,4
veldt,3,5
menas,3,2
bliss,3,4
pacem,3,4
stops,3,4
plaza,3,4
drink,4,3
zooey,5,4
kelly,5,5
reach,3,4
lusts,4,3
disks,5,4
abbot,4,3
ellie,5,3
babin,4,3
petit,4,4
mamma,4,4
cozen,3,4
damon,5,4
odors,5,3
rover,4,5
blunt,3,3
hokan,4,4
mecum,5,4
bruce,4,4
curie,5,4
curse,3,4
cacao,5,4
trite,5,3
raimu,5,4
borax,5,5
paled,3,4
shahn,7,3
petty,3,4
cedar,4,3
trapp,4,4
wolfe,4,4
nehru,5,4
geary,5,4
stunt,4,4
shill,4,3
buyer,8,4
magog,4,5
doaty,4,4
lends,6,4
haunt,6,3
walsh,5,4
order,4,4
retch,4,4
liter,3,4
photo,4,4
posed,5,4
aiken,6,3
kraft,7,5
myers,4,4
beats,5,4
halos,3,4
shady,4,4
sport,4,3
gauge,6,3
leigh,3,3
annie,4,3
witch,6,5
floor,4,3
flame,4,4
react,3,4
ndola,6,3
irsac,4,3
yooee,4,4
golda,4,4
spans,5,4
beats,9,4
thing,4,3
molds,6,5
moise,3,4
croix,5,4
tried,5,4
mused,4,4
dingy,5,4
adore,6,3
thugs,4,5
pains,6,3
abell,3,4
teens,3,3
adieu,4,3
allah,5,4
rosie,4,3
inert,4,3
dummy,4,4
volta,4,4
allot,5,3
kraut,5,3
crepe,4,4
swung,3,4
chain,4,4
leigh,3,3
blume,5,4
brief,6,3
jibes,5,4
luzon,4,3
unagi,4,3
putas,3,4
keeps,5,4
lying,4,3
pours,6,4
caked,3,4
saner,6,1
pages,4,4
nasty,3,3
beats,7,4
guild,4,4
molds,6,5
letch,5,4
dared,5,3
witty,4,5
wrote,4,3
cools,6,3
minns,3,4
mixed,5,5
capet,2,4
stole,4,3
glide,4,4
cheat,4,3
viall,4,4
balls,5,4
alors,4,3
pours,4,4
spicy,4,4
wings,6,4
douce,5,4
shoot,4,3
weeks,4,4
dieux,6,4
lorca,5,3
mewed,6,4
tulln,5,3
bylot,4,4
eclat,5,4
caleb,4,4
crank,4,4
quill,4,4
skate,3,3
showy,6,4
prowl,4,4
nuper,3,3
quirt,5,3
spice,7,3
going,5,4
thule,4,4
inapt,4,4
thorn,5,4
flags,4,4
trend,3,4
bless,3,5
warns,4,3
feats,4,4
lingo,3,4
klein,6,4
ended,5,3
orvil,4,4
veins,3,3
sound,4,4
musta,4,4
minds,3,4
waite,5,3
cysts,3,3
barco,4,3
dates,8,5
buxom,4,4
array,4,4
panic,6,4
april,4,4
milan,3,3
sabol,3,3
tires,4,3
wanna,4,4
crabs,5,4
sheik,3,4
casts,5,3
aaron,5,3
borne,5,3
isaac,4,3
bevor,3,2
vapor,6,3
fling,3,4
bayou,2,3
newly,5,3
holty,3,4
amass,4,3
props,3,5
rumen,5,3
spend,3,3
marmi,3,4
isles,2,4
triol,5,4
booby,4,4
dukes,4,5
maine,4,3
parks,5,4
saudi,3,4
dells,5,4
osaka,3,4
order,4,4
suggs,4,4
gates,3,5
capes,8,5
crowd,3,4
fruit,3,3
amend,2,3
quint,4,3
rylie,4,4
wager,7,4
lymph,4,4
owner,4,3
mores,5,4
skips,4,4
ended,4,3
corps,3,4
truck,5,3
locks,5,3
hubba,4,4
linus,5,3
boats,3,3
needy,4,3
tired,4,4
wages,6,4
idyll,3,4
mains,4,4
olney,2,3
carve,5,3
priam,6,4
hulks,5,5
retch,5,4
atlee,4,3
safer,6,3
aural,4,4
media,5,4
sotun,4,4
berle,4,4
beeps,6,4
masts,3,4
pours,7,4
saxon,3,3
roles,7,4
rhode,4,4
kader,8,5
coast,4,3
salad,4,3
nymph,4,4
medal,5,3
stars,4,4
hazes,7,6
allen,2,3
sinus,6,3
other,5,3
ridge,3,4
pores,6,4
pipes,5,5
signs,5,3
celia,5,3
ahmad,4,3
odell,4,4
farms,3,3
peaky,4,4
synce,4,3
polis,3,4
maude,6,3
aural,4,4
lawns,4,3
plato,3,3
trapp,5,4
altho,5,3
tasso,3,4
every,4,4
siepi,5,3
steal,3,3
quack,4,4
foams,5,4
thees,5,4
mains,5,4
sieux,3,4
crawl,7,3
waves,8,4
notes,6,3
bauer,5,4
baked,4,4
burle,6,4
steal,5,3
stunt,4,4
other,3,3
smoky,4,4
fiori,3,3
cites,9,4
utter,4,3
pimen,5,4
bales,5,4
lucky,4,3
refer,3,4
mercy,5,4
atoms,3,3
cross,6,4
agony,4,3
versa,5,4
broun,4,3
nahce,3,4
gould,3,4
jacky,4,4
borax,4,5
about,3,4
honey,5,4
wails,6,5
whose,5,4
greek,4,4
joked,7,4
godot,5,3
parti,4,4
pecks,4,3
bruhn,3,3
shame,6,4
mould,4,4
curia,4,3
avoid,4,4
rosen,4,3
wanna,6,4
natal,4,3
yarns,3,3
power,2,5
jeers,6,4
hands,5,3
usurp,3,4
steak,6,4
mckee,3,4
whose,5,4
assai,3,3
yanks,6,3
pilot,4,4
tulln,4,3
grove,4,5
sword,3,3
coups,4,3
vexed,4,3
crime,4,4
again,5,3
money,4,3
topic,3,4
orzae,5,4
duped,4,3
wheel,5,4
bondi,4,3
whoop,4,4
below,5,4
bells,5,4
truth,4,4
pride,6,4
trace,4,3
orzae,4,4
loves,3,4
manon,5,4
olive,4,4
rangy,4,3
buoys,4,3
paste,3,3
lymph,4,4
dying,3,3
mirth,6,5
melee,5,3
perse,6,3
tongs,3,4
pairs,3,4
yaqui,4,3
sheik,2,4
barre,4,4
swing,4,4
tulip,4,4
cagey,5,4
norma,2,3
lofty,3,4
astor,3,3
bugle,3,4
tempo,4,4
clint,6,3
sands,4,3
duffy,5,4
dunes,3,3
reads,5,4
depew,3,3
stung,3,4
idyll,4,4
teach,4,4
smelt,4,3
dewey,4,4
codes,5,4
elder,4,4
hitch,8,5
yodel,4,4
imply,4,4
trill,4,4
truer,5,3
shake,7,4
sheen,5,3
stoop,4,3
stove,5,3
cilia,4,4
saves,8,3
abbot,5,3
dijon,4,3
leapt,5,3
lobar,3,3
howry,7,4
horne,4,4
allay,3,4
times,3,4
hears,3,4
valor,3,3
marks,5,3
flame,3,4
derby,5,4
lacks,5,3
mince,5,4
shari,3,4
ruled,4,4
scrim,4,3
bulks,5,5
bough,5,4
crabs,6,4
tease,7,3
spout,3,3
ducts,3,3
cosec,4,4
bosco,4,4
scour,4,2
coney,4,3
udall,3,4
niger,3,4
flies,3,3
wynne,5,4
brain,4,3
egils,2,4
titan,4,4
della,2,3
table,5,3
canal,4,3
penal,3,3
wagon,4,4
early,5,3
alden,6,3
child,4,3
roman,4,4
vegas,4,4
russe,5,4
hiram,4,5
omits,3,4
perch,3,4
novel,4,3
manon,4,4
purse,3,4
uhles,7,4
carte,4,4
badly,6,4
moody,6,4
pyrex,3,4
corso,4,3
named,5,4
naval,5,3
abbas,3,4
chief,4,4
kazan,4,4
glint,6,4
giddy,5,4
abner,3,2
adrar,3,3
ansuh,4,3
tarry,5,4
crowd,4,4
occur,4,3
peril,4,4
gorky,5,4
named,5,4
chins,5,3
poems,4,3
rabat,3,3
soils,6,3
honor,4,3
blind,4,3
effie,4,4
shuns,4,3
chunk,5,4
rainy,4,3
tulip,4,4
north,4,3
blois,2,4
gimme,3,4
blois,4,4
girth,3,4
pogue,4,4
tires,6,3
trash,3,4
aquam,3,4
serra,4,3
dobbs,5,4
gusty,5,4
curie,4,4
pinsk,5,4
andre,5,3
laban,4,3
thule,5,4
femme,5,4
cites,3,4
clare,5,4
dimly,4,3
hardy,6,4
beard,4,4
dales,6,4
hotel,5,3
ranch,4,3
zadel,3,4
gooey,6,4
valve,5,3
check,6,3
shock,3,4
drama,6,4
sorts,4,3
clubs,3,3
supra,3,4
meals,6,4
keane,7,3
aches,5,3
bowie,5,3
yehhh,4,4
bouts,4,3
buber,2,4
irina,5,3
saadi,4,3
berth,5,3
swamp,4,4
skips,4,4
erich,3,3
spray,3,3
offal,5,4
scala,5,4
works,4,4
dummy,4,4
lefty,5,4
jorge,6,5
items,4,4
topic,4,4
sakos,4,3
grams,5,4
soils,7,3
lower,2,5
fords,2,4
marin,4,3
scald,3,4
hotel,4,3
kwame,3,4
bourn,5,3
leroy,4,4
waded,6,4
tobin,6,4
piece,5,3
jesse,3,4
fleck,3,3
terry,4,4
holes,7,4
youth,5,4
butts,3,5
flesh,3,4
keith,3,4
buses,5,4
rifle,3,4
ibsen,4,3
ensue,4,3
doers,3,4
lizzy,4,5
pasty,4,4
dells,4,4
haint,4,3
tears,4,3
arabs,5,3
slant,5,3
boyce,4,3
jaded,5,5
minot,5,4
carlo,4,4
nareb,5,3
foams,4,4
creak,4,4
saith,4,3
thigh,4,4
store,3,4
lobes,4,3
pride,3,4
unfit,4,4
delhi,3,4
mania,4,4
karol,3,4
pithy,5,4
cries,5,3
vevay,4,4
asdic,3,3
blame,2,4
elder,5,4
banal,5,4
dulls,5,4
lucia,4,4
styka,3,4
cages,8,5
gnome,3,3
enemy,5,3
basil,5,3
dussa,2,4
liber,5,4
jelke,3,4
siren,4,2
gauze,7,4
water,2,5
olson,5,4
fetch,4,3
wiped,4,4
shann,5,4
raped,6,4
takes,7,5
shift,5,3
acala,4,3
leaps,6,3
belch,5,3
cooke,5,4
ribes,7,4
grape,3,5
whack,4,4
franz,4,4
leafy,5,3
leggy,5,4
clams,8,2
bloke,5,4
valve,4,3
curls,6,4
sheaf,5,3
girls,4,4
amici,5,4
annum,5,3
fargo,5,4
souci,3,4
naive,7,3
idler,5,4
knock,4,3
coles,6,4
curia,4,3
mezzo,5,4
larks,4,4
chafe,4,4
combo,5,4
cones,2,4
waded,7,4
paide,6,3
salvo,4,3
gawky,4,4
teams,4,4
motet,3,4
aback,3,4
abbey,3,3
surly,6,4
leona,4,3
baggy,6,4
plath,4,4
molal,5,4
aided,4,3
hours,6,4
audit,3,4
slats,5,4
nolan,3,4
brown,3,3
boris,4,3
rodeo,4,4
comas,4,3
pales,3,5
dawns,4,3
gaped,4,5
dates,4,5
clout,4,3
fiats,5,4
coils,6,3
olvey,3,3
suing,7,4
songs,6,3
annoy,3,3
keeps,4,4
snobs,3,4
berth,4,3
brake,6,4
kitty,4,5
frown,4,4
lissa,3,3
plaza,7,4
cigar,3,4
lower,5,5
games,5,5
araby,4,4
vying,4,4
bundy,3,3
italo,4,3
elman,3,4
saxon,3,3
druid,3,4
verbs,5,4
monei,4,3
erupt,4,4
luang,4,3
rilly,7,4
kebob,4,4
hooch,5,4
dazed,4,4
snare,3,2
draws,2,4
scans,3,3
wacky,4,5
lyric,3,4
harpy,3,4
rifle,5,4
halda,2,3
skids,5,4
cobra,4,3
gland,6,4
spray,4,3
pruta,4,3
crepe,5,4
woven,6,3
coupe,3,4
drain,3,3
harsh,5,3
slips,5,3
gypsy,3,4
sighs,3,3
feted,4,4
flaws,5,4
belly,6,4
percy,5,5
uncas,3,3
lundy,4,4
flute,5,4
rouse,6,4
levis,4,4
twise,3,4
paxam,6,4
oddly,3,3
typed,4,4
puppy,6,4
stern,3,2
sunay,6,3
helen,4,4
ideas,4,4
crews,4,4
parts,6,4
sousa,3,4
araby,4,4
firma,3,4
panic,5,4
levin,3,3
caked,4,4
weird,5,4
ruger,4,4
total,5,4
caste,3,3
lured,6,4
suits,5,4
lauro,3,3
stool,5,3
nymph,3,4
gould,4,4
spark,4,3
pecks,6,3
peace,5,4
bales,7,4
prado,3,4
hoeve,2,4
shout,5,4
thank,3,4
phone,4,4
abyss,3,4
faber,3,4
price,4,4
media,3,4
foray,6,4
wordy,5,4
limbs,4,4
bones,8,4
grown,5,5
decry,5,5
stout,6,4
piece,5,3
onset,3,3
canal,4,3
prado,3,4
slugs,5,4
pound,3,4
vowel,5,3
blues,4,3
vigor,3,4
vines,6,5
niche,4,4
agone,4,3
notre,3,3
waits,4,3
fists,4,3
ligne,4,3
gusto,4,4
joyce,5,4
vague,4,4
shame,5,4
fluke,4,4
vines,5,5
paces,6,4
views,4,4
boite,4,4
lower,4,5
geese,3,4
hazes,7,6
digby,4,4
nests,5,4
tosca,4,4
chase,4,4
stick,5,4
inner,5,3
scots,4,3
snobs,2,4
astor,3,3
arlen,4,3
casca,3,4
pyrex,4,4
uhles,5,4
coles,9,4
cameo,6,4
nacht,3,3
stick,4,4
owned,3,3
cools,5,3
blade,4,3
gains,4,3
ileum,3,4
corsi,5,3
galen,3,3
adamo,5,3
pants,7,4
bland,4,4
adopt,3,4
fuses,4,4
dugan,4,3
porto,4,4
swung,5,4
caius,7,4
unify,3,4
visit,3,4
added,4,3
heard,6,4
proof,5,4
axial,3,4
stone,7,3
zendo,4,4
spurs,4,3
loops,7,4
bicep,4,4
spent,3,3
badge,5,3
zabel,4,4
fates,9,5
guess,5,4
epoch,4,3
opium,3,4
eclat,3,4
knoll,3,3
septa,5,3
wiley,4,4
idiom,5,3
vigor,4,4
rouge,4,4
stool,4,3
nikko,2,4
tough,4,4
lists,3,4
viall,3,4
media,4,4
gives,7,5
santa,5,3
ghost,3,4
iliad,4,4
clubs,4,3
loper,5,4
troop,6,4
rheum,5,4
hence,6,4
parts,5,4
plied,5,4
steak,4,4
vieth,3,4
inure,4,3
kings,4,4
merle,4,4
bales,8,4
newel,4,4
fling,5,4
chips,4,3
clair,4,3
force,2,4
genes,6,4
vowel,3,3
aches,4,3
model,5,3
rents,3,3
waves,6,4
blend,3,3
flaws,4,4
plots,6,4
janet,5,3
peony,3,3
glees,5,4
decks,4,4
duels,5,4
links,6,3
moist,5,4
chops,5,3
allen,5,3
fluke,4,4
beady,5,3
supra,4,4
grads,5,4
rummy,5,4
perch,4,4
bronc,4,3
evans,4,4
aliah,4,3
horns,5,3
hells,6,4
scant,5,3
flute,3,4
picks,5,5
attic,4,4
tonic,4,3
leigh,4,3
beets,6,4
payne,4,3
clare,6,4
siddo,3,3
ebony,5,3
crepe,5,4
infra,5,4
papal,4,4
lions,3,3
noces,3,3
finds,7,4
infer,4,3
twins,6,3
lends,8,4
jorge,4,5
scorn,3,2
tiber,5,4
broeg,4,3
levee,2,3
audit,3,4
capet,7,4
vaska,5,3
sheen,4,3
wheat,3,4
spray,3,3
spahn,4,3
plasm,5,3
balls,5,4
favre,3,3
libel,4,4
plant,5,4
slate,5,3
truer,5,3
cleat,4,4
fills,6,5
spine,4,3
kajar,4,3
shown,4,3
iraqw,4,4
icbms,3,4
ferns,4,2
union,3,4
situs,5,4
ransy,6,3
flyer,5,4
sabol,4,3
brows,6,4
slept,5,3
kanin,2,3
bulbs,5,4
mayer,3,3
hangs,6,4
strap,5,3
jaded,5,5
video,4,4
yards,5,4
fresh,4,4
blast,5,4
panza,4,4
farms,5,3
franz,2,4
larks,5,4
flame,5,4
dewey,6,4
alike,5,4
davis,3,4
their,3,3
coast,3,3
troop,5,4
stead,4,4
simms,3,4
tooth,5,4
kilts,5,4
arabs,4,3
nicer,3,3
dates,5,5
rotor,4,4
trays,4,4
foley,4,4
bodin,4,4
skiff,4,4
snowy,4,4
tosca,2,4
yards,5,4
marin,6,3
gauer,4,3
savoy,5,4
dance,6,3
dusts,5,4
mason,5,4
davis,6,4
shute,4,4
arvey,4,3
dares,8,3
rhyme,2,4
codes,3,4
trims,6,4
peels,6,3
hilum,5,4
owing,4,5
drink,2,3
jolla,4,4
works,5,4
droop,6,4
sofas,4,3
cameo,2,4
sacks,4,3
revel,3,5
wispy,2,4
behan,4,4
kitti,4,4
given,4,3
agone,4,3
sweat,3,4
flock,4,4
hoops,4,5
finds,7,4
round,3,3
zoned,5,4
claps,3,4
pelts,3,2
drawn,5,3
byron,5,4
score,5,3
fleck,5,3
lousy,4,4
light,7,4
lotus,3,3
vince,4,4
curio,3,3
spate,3,3
makes,8,5
broke,6,3
combo,4,4
haint,6,3
meals,6,4
yooee,5,4
tiber,2,4
nouns,4,4
cheer,4,4
raine,5,3
began,4,3
carol,4,4
wheel,4,4
heare,5,4
cords,4,3
shave,3,5
pulse,4,3
fruit,2,3
livid,5,3
space,3,4
units,4,3
keane,4,3
luang,4,3
kenny,4,4
eject,3,3
haunt,6,3
level,4,4
dizzy,3,4
lusts,7,3
niobe,2,4
ozzie,4,4
board,6,4
state,2,4
geese,4,4
creak,3,4
grill,4,4
wines,7,4
steep,4,4
loves,6,4
judas,4,4
sammy,4,4
chico,5,3
amaze,3,4
triad,4,4
nerve,4,3
crisp,4,3
fumes,4,3
above,3,4
sober,3,3
grasp,5,3
scarf,4,4
vases,8,5
tasty,6,4
finns,4,4
edith,4,4
faker,7,4
blade,3,3
gorky,5,4
whiff,4,4
rains,4,3
melzi,4,4
bends,2,3
nylon,5,4
basic,3,3
chaos,5,3
iliac,4,3
booth,4,4
astor,4,3
glows,4,5
print,6,3
betsy,3,3
voter,4,4
great,6,3
feler,5,4
print,5,3
hurok,5,4
knobs,3,4
studs,5,4
latin,6,3
chole,3,3
rainy,5,3
mecum,4,4
larks,3,4
attic,5,4
betty,5,4
buses,5,4
bangs,5,3
digby,4,4
wired,5,4
print,2,3
happy,4,3
remus,6,4
gibby,4,4
occur,4,3
major,5,4
hooks,4,5
claws,7,4
feels,6,4
skins,4,3
elmer,4,4
plump,2,4
ochre,3,4
needs,5,3
words,4,4
peril,3,4
azusa,3,4
rhine,5,4
deras,4,3
trust,4,4
flint,3,3
fiend,4,4
boone,5,3
count,3,3
horde,5,4
celso,3,3
bouts,6,3
ellen,5,3
sarah,3,3
aroma,3,4
kebob,5,4
penny,4,5
merge,4,4
teddy,5,5
dough,5,4
felix,5,3
juras,5,4
sewer,3,3
mardi,5,4
wears,2,4
duvol,4,3
peers,3,5
uncle,5,3
creek,5,3
onion,3,4
ashes,4,3
yucca,5,4
stowe,5,4
raine,3,3
twist,5,4
julio,4,4
shift,4,3
scout,5,4
swore,3,4
dress,6,3
boyer,5,4
alice,4,4
sochi,4,4
munch,5,4
blatz,5,4
sarmi,3,3
theme,4,4
askew,4,3
mound,2,4
voids,3,4
scans,4,3
cased,3,3
vices,8,4
steak,5,4
gasse,5,4
relic,5,4
upson,4,4
notte,3,3
yaddo,5,4
bicep,3,4
glide,4,4
label,6,4
virus,4,4
bronc,4,3
cokes,4,4
bravo,3,4
phyfe,3,4
heard,5,4
effie,5,4
paled,6,4
mitch,2,4
pains,5,3
halts,2,3
thout,5,4
firms,4,4
blimp,4,4
jessy,5,4
shine,3,3
inert,4,3
gasse,3,4
pivot,3,4
cieca,5,4
coste,5,3
tyler,6,4
bauer,5,4
links,5,3
joked,5,4
coach,4,3
teter,4,4
enter,3,3
hells,7,4
coups,4,3
could,5,2
boxed,6,5
foals,6,4
klaus,4,4
krupa,5,4
shake,3,4
funny,5,4
boost,4,3
boils,4,4
thigh,6,4
omits,4,4
korra,3,5
quite,5,4
shunt,4,3
hitch,7,5
rainy,4,3
jolly,8,5
guise,4,4
druid,5,4
perky,5,4
stunt,4,4
coins,4,3
doing,3,4
ached,6,3
aloes,4,3
russe,5,4
vitro,5,4
aikin,4,3
games,3,5
asdic,4,3
books,6,4
teeth,3,4
popes,5,4
marks,6,3
knack,5,4
diman,4,4
obeys,5,4
pampa,4,4
manly,4,4
yours,5,5
galen,5,3
valid,5,4
paper,6,4
patch,4,4
swirl,5,4
scoop,3,3
ghana,3,3
jorda,6,4
vidal,5,4
duane,5,4
deans,2,3
goody,3,4
wanna,4,4
shown,3,3
lilly,5,5
overt,4,4
riots,4,3
lacks,5,3
aiche,3,4
enver,3,3
ozzie,7,4
clays,6,4
sized,3,3
stony,6,4
drill,3,4
piped,4,4
faces,4,3
blade,4,3
hilum,4,4
genii,4,3
chips,6,3
harsh,4,3
brash,4,3
ionic,4,4
saith,3,3
month,3,3
hayek,4,4
mourn,2,3
looks,3,4
thout,5,4
weede,5,4
roped,4,4
vices,6,4
monel,6,3
segur,3,2
farms,4,3
tight,4,3
smirk,5,3
seton,2,3
liner,5,3
riggs,5,4
buick,6,4
milky,4,4
tahoe,6,4
windy,4,4
frans,3,3
bacon,3,4
snout,5,3
sheen,3,3
juice,3,4
danny,5,4
samba,4,3
loans,6,3
worth,5,4
newel,4,4
medea,5,3
manny,5,4
needs,6,3
dairy,5,4
skate,5,3
berne,5,3
chalk,5,4
hexen,5,3
steep,4,4
clint,7,3
unfit,3,4
sammy,3,4
flynn,4,4
soapy,4,4
olden,4,3
fiber,2,3
johns,4,3
smelt,3,3
wohaw,4,5
vidal,6,4
fazio,5,4
spurs,3,3
forks,5,4
krist,5,4
truce,5,4
olden,5,3
jowls,5,5
evade,3,4
batch,5,4
cluck,3,3
briar,5,3
ships,4,3
stain,4,3
fumes,4,3
apron,4,4
arlen,5,3
punch,4,4
sling,5,4
mined,4,3
sloop,6,3
geary,5,4
dante,6,3
chasm,4,3
favor,4,3
clyde,3,4
dawns,5,3
boyce,4,3
ozzie,4,4
bloch,5,3
cuban,4,4
pratt,5,4
ninth,3,3
outer,3,3
dairy,5,4
manas,4,4
based,3,3
franc,5,4
lauri,3,4
felon,3,4
brett,3,4
dusky,5,4
tiber,2,4
stare,4,4
bored,5,3
baird,4,3
highs,4,4
pagan,5,4
venti,3,3
hafiz,7,4
riots,4,3
broun,5,3
trial,3,4
greer,3,5
cheek,5,4
molds,4,5
tommy,4,4
onset,5,3
silly,4,4
lenin,4,4
samoa,4,3
maple,4,5
merge,3,4
trial,4,4
johns,6,3
hiram,4,5
adair,4,3
drawn,3,3
eaton,4,3
gravy,5,4
spire,5,3
rilke,6,4
teats,7,5
morel,3,3
trees,5,3
timed,3,4
bride,5,4
feint,4,4
relax,4,4
sofas,5,3
pelts,6,2
timon,4,4
flank,5,4
roped,5,4
lingo,5,4
stake,8,4
warts,4,4
timed,3,4
ormoc,3,4
worry,5,4
frame,4,4
brett,4,4
dronk,4,3
wound,4,5
ethos,5,3
luray,6,4
septa,3,3
tasso,4,4
alloy,5,5
moved,5,3
coups,3,3
dumps,4,4
myers,5,4
waits,5,3
porgy,4,5
boone,3,3
shine,6,3
upson,5,4
parts,3,4
dijon,4,3
gnome,5,3
wound,8,5
jubal,5,4
vilas,5,4
bucer,5,4
moans,3,3
backs,6,4
delia,4,4
eight,4,4
booze,4,4
booze,5,4
shows,5,4
bauer,3,4
knott,3,3
phyfe,4,4
adept,4,3
chung,4,3
award,3,4
nawth,3,4
ropes,6,4
pears,6,5
herbs,4,4
frees,4,4
campo,3,4
carve,5,3
daddy,6,5
cared,3,3
stirs,4,4
weiss,4,4
leafy,4,3
vents,5,4
cargo,5,4
shams,5,3
depot,3,4
handy,5,4
oaths,4,4
deras,5,3
doran,5,3
aloud,4,4
roses,6,4
saami,5,4
bells,6,4
tonio,3,3
grade,7,3
curve,4,4
ellen,4,3
comic,2,4
leafy,7,3
camps,5,4
piece,3,3
belge,5,4
iliad,4,4
quick,4,4
fonds,4,4
inapt,5,4
farms,3,3
yodel,4,4
moist,4,4
whole,5,4
minor,2,3
breed,6,4
knots,3,3
orbit,4,4
magog,3,5
baked,4,4
flock,5,4
egypt,4,4
drama,4,4
bambi,5,4
walks,4,4
feint,4,4
edges,4,4
aikin,3,3
terms,4,3
spike,2,4
sneer,5,2
yeast,5,4
fuchs,4,4
petey,5,4
block,4,4
waxen,4,4
tours,6,4
gauze,5,4
buena,5,4
faget,4,4
konga,4,3
beebe,5,4
pause,5,3
azusa,6,4
craft,6,4
bough,4,4
offer,5,4
whirl,4,4
dries,4,4
solid,4,3
skeet,5,4
overt,3,4
comic,3,4
luger,5,3
saved,2,3
lymph,4,4
kelts,4,4
ludie,4,4
hondo,4,3
logan,3,3
hello,4,4
posse,3,4
modus,2,4
eaton,3,3
wanta,5,4
aloud,5,4
uncap,4,4
walks,4,4
pesce,5,3
mateo,5,3
fleet,4,4
spell,3,3
pouch,3,3
noble,5,3
hogan,4,4
brisk,4,4
jolla,3,4
drink,4,3
souci,4,4
royce,4,4
brake,5,4
story,4,4
caddy,3,4
growl,4,4
fleck,5,3
doric,3,4
vying,3,4
oiled,7,4
noose,5,4
norma,4,3
elios,4,4
hyena,4,4
pride,8,4
ended,5,3
sleet,4,4
akita,3,3
plant,4,4
boyce,4,3
osram,3,4
mundt,6,3
soles,5,4
crops,4,4
paula,4,4
lagow,4,3
press,4,4
raced,6,3
assam,4,3
dress,4,3
stram,3,3
bebop,2,4
seems,4,4
moody,4,4
under,4,3
month,3,3
third,3,3
serra,4,3
cafes,9,4
hymen,4,4
fluff,5,4
crazy,5,4
mould,4,4
dines,8,4
camps,3,4
diocs,2,3
bobby,6,4
kelts,4,4
shine,4,3
witch,4,5
badge,4,3
petit,5,4
gaudy,3,4
drawn,5,3
palsy,5,3
capet,4,4
stuff,4,4
guile,3,4
grips,5,4
liste,5,3
paste,6,3
child,5,3
doing,4,4
every,3,4
pfohl,4,4
ahmad,5,3
faker,5,4
focal,3,4
bites,4,4
caleb,5,4
flirt,4,3
louis,3,3
aware,3,4
watch,6,5
fires,3,4
setsw,5,4
isham,3,4
chide,4,3
bills,4,5
cents,6,3
grins,4,3
sneer,5,2
pumps,6,4
spots,5,3
forum,4,3
hoofs,4,5
canon,3,4
hints,2,3
tonio,4,3
manes,4,3
crane,4,3
jakes,4,5
copes,3,4
resin,3,3
iliac,3,3
gasse,5,4
fahey,6,4
mccay,5,3
stein,5,3
brief,4,3
bases,7,5
mourn,3,3
marin,5,3
ethos,5,3
front,4,4
trial,6,4
denny,5,4
fucks,4,5
firms,4,4
works,3,4
edith,5,4
chair,4,3
hendl,4,4
folks,4,4
peals,5,3
croix,4,4
locks,5,3
couve,4,4
freya,4,4
basil,7,3
spies,4,4
loath,5,3
hovel,4,3
piano,5,4
raped,7,4
grunt,3,3
seats,4,4
acala,3,3
lists,5,4
chaps,6,4
perle,4,4
gonna,5,3
fiske,4,4
cover,6,4
votes,8,5
helen,3,4
oxide,4,4
surge,4,3
trend,4,4
wakes,4,4
swart,3,3
doria,4,4
welsh,3,4
nepal,3,3
tyson,4,4
casks,4,4
waked,4,5
crows,6,4
rosen,5,3
bosis,3,4
mushr,4,2
crept,5,3
finer,3,3
cecil,3,3
nairo,4,3
salle,3,3
stale,4,3
freer,4,4
onion,5,4
paxam,3,4
cedar,3,3
domed,5,4
blown,6,4
heaps,5,3
spent,5,3
cruel,3,4
speer,4,3
novak,5,4
babes,5,5
growl,4,4
moore,4,4
guile,5,4
dealt,5,2
lewis,4,4
hopes,3,4
haney,6,3
sedan,5,2
emory,4,4
cubed,5,4
knobs,5,4
mongi,3,3
gaudy,5,4
filde,6,4
manly,5,4
liver,5,4
biter,5,3
stave,4,4
cyril,5,3
weirs,4,4
dobbs,5,4
sized,5,3
alain,4,4
halos,5,4
growl,5,4
grass,4,4
hangs,5,4
miami,4,4
rates,2,4
novak,3,4
hotel,4,3
guess,4,4
chump,4,4
hoagy,3,4
raoul,5,4
draws,3,4
adult,4,3
shear,5,3
gunny,5,4
dared,5,3
arden,5,2
zebra,3,4
price,6,4
funny,5,4
cotty,5,4
derby,3,4
argue,3,3
pests,6,3
style,2,3
beady,3,3
serum,3,3
dixie,5,4
cried,7,3
crush,3,3
wispy,4,4
belly,5,4
gouge,7,4
fable,5,4
china,4,3
sakos,4,3
crawl,7,3
bunch,7,4
fused,3,4
drawn,4,3
hotly,3,4
sexes,6,4
kwame,5,4
newts,2,3
gamut,3,4
chole,3,3
parry,9,5
works,5,4
chess,3,4
comma,5,3
child,4,3
basis,4,4
typed,4,4
scour,4,2
utter,4,3
hover,6,4
dicke,4,4
mayst,6,4
shoes,6,4
maroc,5,4
frame,5,4
aunts,3,3
menet,4,3
meets,5,4
shann,5,4
pleas,5,3
ellen,3,3
durer,4,3
hilar,3,3
agile,4,4
focal,4,4
tires,6,3
third,5,3
trapp,3,4
knees,4,3
items,3,4
chico,3,3
prado,3,4
uncas,6,3
comer,6,4
bexar,4,3
prize,4,5
pacer,5,4
zoned,4,4
shirl,3,3
akita,4,3
hires,8,4
stack,4,4
sante,5,2
idiot,3,4
point,3,4
irate,3,4
henri,2,3
leger,7,4
rites,2,3
essay,4,4
gorky,6,4
bells,5,4
range,4,2
endow,5,3
grubb,5,4
rages,5,4
raesz,4,2
reply,6,5
grape,3,5
hoped,4,5
alone,4,3
furor,4,3
juras,5,4
uncap,5,4
petty,4,4
viale,4,3
outdo,3,3
lumpy,4,4
first,4,3
jerks,4,4
cliff,5,4
tripe,3,3
sulky,5,4
avoid,3,4
quote,5,4
laura,3,4
bouts,4,3
organ,5,4
alors,4,3
manye,3,3
monic,2,4
kader,5,5
panes,6,3
pigen,4,4
sheik,4,4
villa,4,3
maroy,5,4
mitch,8,4
beale,6,4
hertz,4,3
soggy,6,4
fiori,4,3
crept,3,3
dells,8,4
nogay,4,4
davao,3,4
shaky,7,4
doors,3,4
duren,3,3
snows,5,4
brunt,4,3
delle,4,4
cycly,4,4
bella,3,3
edged,4,4
waite,3,3
claps,7,4
skill,4,4
kebob,4,4
hamey,5,4
levis,4,4
hoops,6,5
haney,4,3
laugh,5,3
hooks,2,5
sadly,4,3
heaps,4,3
kempe,5,5
songs,4,3
ivies,4,3
monks,6,3
reama,3,4
might,5,5
nobel,5,3
stink,6,3
reese,3,3
found,6,5
greek,5,4
baked,4,4
fuzzy,5,4
loved,5,3
karen,5,2
nolan,4,4
heavy,5,4
feint,3,4
cross,3,4
weird,3,4
shish,3,4
ishii,4,4
terry,6,4
jenks,6,4
maple,2,5
chevy,4,4
medea,3,3
lofty,3,4
abyss,4,4
cited,4,4
stray,4,4
stacy,4,4
funds,4,4
aorta,4,3
alert,4,3
happy,5,3
yarns,3,3
wraps,3,4
drawl,4,4
haste,6,3
artie,5,3
ranch,3,3
ashes,3,3
manes,4,3
canny,8,3
altho,3,3
hopes,7,4
whips,3,4
shelf,3,4
group,3,3
extra,4,4
knott,4,3
spray,2,3
folds,5,4
erwin,5,4
sores,4,3
naive,3,3
sewer,3,3
loads,5,4
ernst,4,2
deity,3,3
doaty,4,4
latin,4,3
jowls,5,5
vices,4,4
eased,4,4
crave,3,4
monte,5,3
tells,4,3
simba,7,3
scour,4,2
tasty,4,4
fates,4,5
rides,4,4
klees,4,4
baker,3,4
flair,6,3
thatt,5,4
saint,6,3
whack,5,4
aloud,4,4
forth,4,3
orney,5,2
velon,6,4
crone,4,4
zoned,4,4
argos,3,3
bolet,5,4
halda,4,3
brute,6,3
durer,5,3
gorge,5,4
sixth,5,4
pulls,5,5
jenni,4,4
tunis,3,4
carne,5,2
picks,5,5
bonds,5,4
blanc,6,4
sheds,4,4
vexed,4,3
pluck,3,3
loose,4,4
cores,5,4
camel,4,4
odilo,3,4
tower,5,3
spoil,4,3
dicks,3,4
satin,5,3
jolla,5,4
takin,4,3
viola,4,4
ended,4,3
celia,5,3
chore,4,4
volts,3,4
rilke,3,4
worse,6,4
punks,4,4
rover,8,5
hoods,5,4
probe,4,3
crows,4,4
wheat,5,4
bully,4,4
serif,5,3
babel,5,4
seton,4,3
balmy,5,4
stiff,4,4
paces,4,4
elect,5,3
slant,5,3
ovens,5,4
avert,3,4
casca,6,4
writs,4,5
robed,5,4
musee,4,4
blips,4,3
cameo,5,4
egils,5,4
staff,6,4
plead,5,4
pinch,4,4
eddie,5,3
irish,3,4
edith,4,4
allah,3,4
paper,5,4
dumas,3,4
urges,5,4
ponds,4,4
piero,4,3
alarm,4,3
camel,4,4
corns,5,3
devey,5,3
chess,4,4
edith,4,4
obeys,6,4
belch,3,3
bulky,5,3
valid,3,4
lisle,5,4
weary,5,4
howda,4,4
music,2,4
ought,6,4
scorn,4,2
tryin,3,4
hayes,3,4
every,5,4
erupt,4,4
rarer,6,5
plane,3,4
cohen,3,4
kneel,5,3
louis,2,3
brawl,5,4
berle,4,4
malia,5,3
blatz,4,4
medal,4,3
dress,5,3
heade,5,4
colts,5,3
habib,5,3
title,4,4
verdi,3,4
doble,5,4
axiom,4,3
aiche,4,4
whole,5,4
croak,4,3
sinai,4,2
delta,3,3
proud,4,4
truth,4,4
round,8,3
bites,7,4
leroy,4,4
vaska,4,3
clock,4,3
halda,5,3
elena,4,3
porch,4,4
ndola,6,3
duren,4,3
heard,4,4
italo,3,3
mules,5,3
layer,5,3
veils,4,4
slots,5,3
sheen,4,3
deras,6,3
henri,5,3
tabac,5,4
alden,4,3
robin,5,3
adnan,4,3
tawes,4,5
fumed,5,5
snoop,4,4
cathy,5,3
chick,4,3
arbor,5,3
endow,5,3
keane,5,3
sized,6,3
hurts,6,4
reels,4,4
aspen,3,3
nonce,3,4
moore,4,4
owens,5,3
slits,4,3
board,3,4
acids,3,3
drunk,4,3
mises,6,3
plugs,4,4
groth,5,5
black,4,4
angel,3,3
squaw,4,4
giant,5,3
roots,3,4
gages,6,5
stacy,4,4
ghana,4,3
dower,7,4
unagi,4,3
rally,4,4
spree,6,3
bless,5,5
raids,6,4
idyll,3,4
bondi,3,3
beams,2,4
level,2,4
today,5,4
wrist,5,5
jenny,4,4
tryin,4,4
epoch,4,3
miami,5,4
bring,5,3
mitre,4,3
swift,5,4
hello,4,4
steve,3,4
natty,5,4
venom,4,4
lungs,5,4
faker,7,4
amide,5,4
media,5,4
astor,4,3
faked,7,4
laity,4,3
burro,3,3
shied,4,3
lemme,2,4
grata,3,4
katie,3,3
lydia,5,5
hoaps,3,4
argue,3,3
sniff,4,4
anson,3,3
nolle,4,4
grown,4,5
fleet,3,4
unsee,4,3
noyes,7,4
elman,3,4
merry,5,5
drove,5,4
amber,5,3
skits,4,3
clerk,3,4
lisle,5,4
crook,4,4
nehru,3,4
diego,4,4
caste,7,3
glean,4,3
suing,4,4
count,4,3
axial,4,4
laugh,4,3
conic,6,4
yodel,5,4
stans,3,4
swirl,5,4
racks,4,3
ruler,5,4
these,5,4
dingo,3,3
kebob,4,4
rapid,4,4
sized,5,3
agile,5,4
spent,2,3
lobar,3,3
weeds,4,5
drips,6,3
weeks,3,4
croix,5,4
stays,5,4
leyte,4,4
bassi,4,4
snort,3,3
nodes,4,3
vigor,4,4
cents,5,3
thant,4,4
flier,5,4
susie,3,4
wings,6,4
bambi,5,4
priam,3,4
staid,3,4
posse,5,4
hilar,5,3
rylie,4,4
niobe,4,4
cease,4,3
tuohy,5,4
squad,6,4
wants,5,4
situs,4,4
damas,4,4
nagle,5,3
damon,4,4
jumpy,3,4
berry,3,3
donor,5,2
oakes,7,3
taxed,5,4
revel,4,5
nadir,5,2
corny,6,3
devey,4,3
musts,3,4
yaqui,3,3
ghost,4,4
saran,5,2
cough,3,4
delay,4,3
conan,5,3
sulks,6,3
wiley,4,4
blair,3,3
bills,8,5
triad,4,4
balmy,3,4
hence,4,4
tonal,5,3
sinkt,2,3
bloch,3,3
clods,4,3
liars,4,3
caius,5,4
katya,3,3
bondi,3,3
rummy,4,4
spate,4,3
stacy,5,4
prank,4,4
fonta,4,3
khaju,4,4
loser,4,2
imply,4,4
sauce,5,3
claws,7,4
coosa,4,3
armor,6,3
curds,4,3
dream,4,4
babin,4,3
busch,3,4
blend,4,3
ilona,4,3
mewed,6,4
piped,6,4
buyer,5,4
plate,5,3
raced,5,3
jessy,4,4
verie,4,5
paved,4,5
trait,6,4
kneel,2,3
alain,6,4
rhode,3,4
alike,3,4
berra,6,4
howse,5,4
salem,4,3
raimu,3,4
lucky,5,3
graft,6,4
owens,4,3
douce,3,4
velon,7,4
swamp,2,4
tulle,3,4
grope,4,4
menas,5,2
kubek,4,4
cycle,4,4
river,5,5
babin,4,3
bonus,4,4
pinar,2,3
gaudy,5,4
wyatt,4,4
foyer,3,4
prime,4,4
kempe,4,5
waved,8,5
lumia,5,3
cyrus,3,4
melzi,4,4
panza,6,4
drink,4,3
levis,4,4
dried,4,3
douce,4,4
rapes,5,4
males,3,4
slips,5,3
ogden,4,4
injun,4,3
judge,3,4
plaid,4,4
rupee,5,4
enemy,4,3
mooed,4,4
rainy,3,3
guide,4,4
under,4,3
flake,5,4
gages,5,5
ernie,2,2
olive,2,4
flick,3,3
sours,6,4
bambi,4,4
brick,6,4
ounce,4,3
dines,4,4
rouse,5,4
spade,5,4
tojos,4,4
wyatt,5,4
burke,4,4
whole,4,4
doing,4,4
yakov,5,4
finer,4,3
majuh,4,4
coeds,3,4
lover,5,4
burly,5,4
isles,5,4
minks,4,3
ferns,5,2
loath,5,3
hyena,4,4
hexen,5,3
reels,6,4
pecks,4,3
masks,3,4
moods,4,5
mulch,4,4
bulge,5,4
agnes,4,2
fairs,3,4
avery,4,4
tibet,5,4
shims,5,4
acres,4,2
laden,3,3
sante,4,2
stave,5,4
naebm,4,3
guard,3,4
freya,6,4
feted,4,4
smirk,3,3
scarf,6,4
sores,5,3
faery,4,4
event,4,3
udall,5,4
leila,3,4
hotei,4,4
sybil,4,4
tulln,3,3
items,4,4
expel,5,4
plush,4,4
event,4,3
wanta,5,4
chief,3,4
susan,3,4
taunt,4,4
basic,4,3
hearn,4,3
image,3,4
onion,6,4
width,4,4
timed,6,4
lutte,4,4
downs,4,4
caron,5,3
block,4,4
stole,4,3
jiffy,6,4
hails,9,4
wolfe,5,4
putty,4,5
sofar,3,3
meaty,3,3
tunes,4,3
mesta,4,3
stoic,6,3
atoms,5,3
cleft,4,3
korea,5,3
waxed,4,5
tents,7,3
adele,3,3
artie,3,3
kyoto,5,4
comas,7,3
fists,4,3
vista,3,4
types,5,4
braud,5,3
aiche,4,4
scala,4,4
lunge,3,4
gibbs,5,4
carla,3,3
shann,5,4
lloyd,4,4
dines,4,4
admit,5,3
circa,3,4
given,5,3
andre,5,3
elgin,3,4
gummy,6,4
tunes,6,3
knoll,3,3
mound,5,4
groom,4,4
crepe,5,4
cecil,5,3
below,5,4
aided,4,3
bourn,4,3
humly,4,4
romeo,5,3
junks,6,4
offer,5,4
moise,3,4
kings,4,4
built,3,4
fares,6,4
shute,5,4
flirt,4,3
upped,6,4
hayes,4,4
dwyer,4,4
bucer,4,4
rouse,4,4
lions,5,3
sieve,6,4
borne,4,3
minot,4,4
gravy,4,4
davao,3,4
duped,4,3
ardor,4,4
adair,4,3
swore,4,4
woods,4,5
jorda,5,4
depth,5,4
idiom,5,3
parks,4,4
joust,3,3
lined,7,3
chaos,3,3
alter,3,3
honor,4,3
adieu,3,3
tapes,5,5
aaron,3,3
marmi,5,4
spray,4,3
bored,4,3
plume,4,5
sheik,4,4
alley,4,4
views,3,4
fiats,2,4
arabs,6,3
mural,6,4
titer,6,4
zendo,3,4
cappy,4,4
dower,6,4
mando,4,4
oddly,5,3
focus,5,3
deane,6,3
rinse,4,3
moire,4,4
rocks,5,4
cygne,3,4
towns,3,3
hikes,6,4
yaddo,3,4
quick,5,4
items,4,4
horns,2,3
odell,4,4
ovens,3,4
would,5,4
emory,4,4
chide,4,3
comma,5,3
knots,4,3
couch,5,3
argos,2,3
opted,2,4
velon,4,4
whiff,3,4
sails,3,3
niven,3,4
hough,5,5
moody,5,4
noces,6,3
husky,5,5
hated,5,4
froth,4,4
jenny,4,4
newly,3,3
tanny,5,3
float,4,4
elder,5,4
celso,4,3
liste,6,3
kathy,4,4
alarm,3,3
curls,6,4
ideal,4,3
claus,3,4
swift,3,4
wears,10,4
gyros,5,4
class,4,4
baldy,5,3
ogled,4,4
sofas,4,3
guess,4,4
afoot,5,4
wryly,5,4
horne,4,4
suing,6,4
wispy,4,4
boost,3,3
verie,4,5
isles,4,4
chose,6,4
carry,5,4
diane,5,4
dronk,4,3
thout,3,4
husky,7,5
plumb,4,4
fidel,4,3
foggy,4,5
moune,4,3
quiet,4,4
facet,5,4
amity,4,4
roost,6,4
prime,3,4
power,5,5
fates,6,5
santo,3,3
ledge,3,4
gratt,4,3
study,5,4
gibes,5,4
whims,3,4
berto,4,3
wring,6,4
gator,4,4
torah,4,4
comes,3,4
kombo,4,4
mongi,4,3
aiche,3,4
shyly,4,4
nolle,5,4
beats,4,4
lands,3,4
argon,4,3
damas,4,4
visit,4,4
tilth,4,4
messy,7,4
cloud,3,3
idiom,3,3
jenny,4,4
bragg,4,4
coosa,4,3
admit,3,3
pouch,4,3
shyly,5,4
saves,2,3
nikko,3,4
hamey,4,4
tails,4,3
grata,4,4
salad,5,3
coosa,3,3
habla,5,3
alvin,4,4
trips,4,4
prior,5,4
raoul,3,4
jimmy,4,5
ruins,3,3
foggy,6,5
limbs,6,4
gulps,4,4
lives,6,4
jesse,5,4
duets,4,4
april,4,4
hitch,7,5
edgar,4,3
omits,3,4
oaths,4,4
mongi,4,3
turks,3,4
snead,3,3
geese,3,4
taped,3,4
knoll,4,3
quake,5,4
rotor,5,4
begin,4,3
forks,5,4
solly,4,3
waxed,6,5
token,5,4
tieck,4,3
chess,3,4
buena,2,4
fatty,4,3
docks,3,4
lamar,3,3
doubt,4,3
glued,5,5
daunt,6,3
kirov,4,4
paean,5,3
waded,8,4
champ,3,3
saver,4,3
niven,5,4
gasse,4,4
irons,3,3
tiber,3,4
benet,3,3
jakes,8,5
blots,3,3
vidal,3,4
super,5,3
dicks,5,4
tally,3,3
shave,4,5
fiske,3,4
crowd,5,4
patil,4,4
sides,4,4
snags,4,3
shirl,5,3
blots,4,3
coles,5,4
trill,4,4
aegis,4,4
weary,4,4
wrist,3,5
cribs,2,4
tulip,5,4
gummy,4,4
towne,4,4
aspis,4,4
trees,4,3
chill,6,4
jorda,6,4
verne,4,4
duque,5,4
filly,4,4
lamar,4,3
sonic,4,3
tasty,4,4
coins,5,3
arbor,4,3
azusa,5,4
lagow,3,3
odell,3,4
logic,3,3
grief,2,4
swans,6,4
norms,3,3
merce,3,4
brave,6,5
crank,4,4
piero,4,3
gases,7,5
flier,3,4
heady,4,4
shank,5,3
khaju,4,4
simon,5,3
skiff,4,4
starr,4,3
moune,5,3
loren,4,3
drain,6,3
crook,5,4
stops,5,4
nlrda,4,3
unity,4,4
pipes,8,5
vinyl,3,4
kerby,3,4
grady,5,3
spoke,5,4
sours,7,4
jagan,5,4
gaped,7,5
heart,6,3
siepi,3,3
targo,5,3
doubt,5,3
wordy,3,4
odell,4,4
burly,5,4
spate,6,3
olney,4,3
chest,3,4
gonne,4,4
dunne,4,4
crave,4,4
valid,4,4
edmov,4,3
wyman,4,4
kiang,4,4
cases,6,4
jesus,6,4
rinse,5,3
ruins,5,3
haydn,4,3
dolls,3,4
pratt,5,4
wylie,5,4
brake,5,4
guilt,4,4
strip,5,3
grief,5,4
exalt,4,3
groin,3,4
ebony,3,3
loewe,4,3
tunis,2,4
where,4,4
lecky,5,3
forma,5,4
heine,5,3
motif,3,4
luise,3,4
cubed,4,4
plush,4,4
cuban,3,4
novak,5,4
think,3,4
older,4,3
busch,4,4
leary,5,4
manye,4,3
valor,6,3
betsy,4,3
blips,5,3
matsu,5,4
dites,4,4
raped,5,4
arise,4,4
eliot,3,4
willa,4,4
glees,5,4
zebra,4,4
nazis,5,3
korra,6,5
drill,4,4
sotun,3,4
blink,5,4
golda,5,4
hearn,5,3
games,6,5
piece,3,3
aired,5,3
fords,6,4
horse,4,4
caked,7,4
opera,4,4
marum,3,5
santo,3,3
delia,4,4
items,4,4
mauch,6,4
trips,4,4
billy,6,4
hills,4,4
slant,4,3
bless,3,5
olney,4,3
waive,4,4
proxy,8,5
owned,4,3
decks,3,4
setup,3,3
space,5,4
borer,5,4
girth,4,4
sloan,4,3
flory,4,4
upton,3,3
erwin,4,4
crane,4,3
skull,3,4
spree,4,3
sayin,2,3
rates,6,4
third,3,3
danny,3,4
braud,5,3
guilt,2,4
thine,4,4
ghana,6,3
gassy,4,4
treat,3,3
hoods,2,4
ching,3,3
tints,5,4
eared,3,4
smell,3,4
borak,6,4
sixty,4,4
julia,3,4
ansuh,3,3
levin,3,3
akron,5,3
boris,5,3
whirl,4,4
bruce,5,4
idler,4,4
vista,4,4
grins,5,3
pause,5,3
howls,5,4
usage,3,4
cones,4,4
james,7,6
faber,6,4
bells,4,4
croix,3,4
pussy,5,4
viola,4,4
tyler,5,4
stink,5,3
peach,4,4
keyed,5,4
winos,4,4
error,4,3
snead,3,3
radii,4,4
creep,3,4
about,5,4
caked,6,4
cleva,6,4
faked,4,4
nurse,3,3
split,4,3
retch,4,4
hears,9,4
idyll,4,4
senor,4,2
death,5,3
towne,4,4
manny,6,4
degas,4,4
motel,3,4
berne,5,3
spent,3,3
ocher,4,3
paste,7,3
hoped,4,5
edmov,4,3
panic,4,4
noose,4,4
boone,5,3
sonar,3,2
cribs,5,4
beeps,5,4
tooth,5,4
rover,4,5
foote,6,4
tides,4,4
sales,4,3
cliff,5,4
wharf,4,4
flask,2,4
cyrus,4,4
place,3,5
heels,6,4
peach,6,4
menas,5,2
edith,4,4
decay,4,3
rigid,4,4
piled,6,4
setup,5,3
loewe,3,3
regal,2,4
scene,4,3
cubed,4,4
plain,4,3
guest,5,4
borax,4,5
paper,9,4
mused,5,4
alone,5,3
fruit,4,3
raton,5,3
links,5,3
jedec,4,4
pores,5,4
tulsa,4,4
bacon,4,4
kromy,5,5
ought,4,4
nomia,3,4
synce,3,3
alive,4,5
crass,6,4
ogled,5,4
carob,5,4
quyne,4,4
azusa,5,4
parry,4,5
deras,3,3
giles,6,4
sours,4,4
campo,5,4
raced,6,3
bates,7,4
mesta,4,3
warns,5,3
bunny,5,4
artie,5,3
chant,5,3
xenon,6,4
delle,3,4
waked,5,5
await,3,4
sybil,5,4
adorn,4,3
servo,4,4
ended,5,3
bayou,5,3
basis,5,4
sadie,5,3
habla,3,3
decor,5,3
soles,4,4
gogol,5,4
flair,4,3
fatty,3,3
legal,5,4
cases,4,4
molal,3,4
lithe,4,4
roman,4,4
notte,3,3
eject,3,3
nairo,4,3
ahmet,4,3
stoic,5,3
click,6,4
notes,4,3
spice,5,3
ruddy,5,4
targo,3,3
mores,4,4
cheap,5,4
toxic,5,4
scene,5,3
bless,4,5
billy,5,4
bobby,5,4
truck,4,3
knots,5,3
hoofs,4,5
patil,4,4
while,5,4
resin,4,3
nlrda,4,3
stale,7,3
myron,5,4
desks,5,4
gerby,5,4
moors,8,5
ounce,3,3
twice,3,4
lousy,4,4
inner,7,3
fused,4,4
habib,3,3
waver,4,5
xenon,5,4
bauer,3,4
limps,4,4
flaws,4,4
marin,5,3
chief,3,4
sorts,5,3
slung,4,3
shirl,4,3
sleek,5,4
lakes,3,3
gyros,4,4
cuffs,5,3
tahse,5,4
freud,4,4
lifts,6,4
stamp,3,3
paxam,5,4
hazes,5,6
buick,3,4
joint,6,3
beech,2,3
clams,4,2
tides,4,4
judea,4,3
osaka,3,4
rylie,4,4
limbo,2,4
about,4,4
tales,3,3
liver,7,4
manor,6,2
apart,4,4
adapt,5,4
ditty,6,4
ditch,5,3
short,4,3
these,4,4
robot,5,3
yaddo,5,4
byzas,3,4
maybe,6,4
rhyme,5,4
zeiss,5,5
drier,4,4
clods,5,3
swell,3,4
soule,4,4
breve,5,4
untie,5,4
earns,4,2
rabid,5,4
weigh,4,4
irate,4,4
tecum,4,4
bundy,3,3
parks,7,4
syrup,4,3
harem,4,3
manor,4,2
iliac,5,3
gasps,5,4
shoes,3,4
stamp,4,3
fetes,5,4
every,3,4
fetid,5,3
gates,3,5
cuffs,5,3
exact,4,3
seven,6,2
cameo,5,4
freya,5,4
craze,4,5
coast,6,3
beans,6,3
bored,4,3
geary,5,4
tiled,4,4
fruit,5,3
doyle,4,4
lemme,5,4
gases,5,5
irate,5,4
bulls,3,4
stone,5,3
david,4,4
dieux,2,4
binds,7,4
pruta,4,3
nancy,6,4
regal,3,4
comer,5,4
adapt,3,4
tripe,5,3
saint,4,3
manon,4,4
vague,3,4
mourn,4,3
tiled,4,4
yaqui,4,3
frist,4,4
winds,6,4
heirs,3,3
damas,5,4
ready,5,3
cares,8,3
minks,4,3
kelts,5,4
hairy,5,3
magog,5,5
nobel,5,3
anode,3,4
choir,4,3
tally,4,3
corne,4,3
bowie,5,3
seers,7,3
rafer,5,5
cubed,6,4
probe,3,3
mewed,3,4
shade,6,4
arrow,4,4
pueri,4,4
ocean,4,4
docks,4,4
maxim,5,4
angle,5,3
suave,5,4
hicks,5,4
buggy,5,4
babes,4,5
louse,5,4
align,5,2
meter,5,4
snead,4,3
nylon,5,4
broth,5,3
andre,3,3
rasps,5,4
lives,5,4
maker,6,3
phony,4,4
hoops,5,5
mario,4,4
beebe,3,4
stoop,4,3
raimu,4,4
alloy,5,5
frame,5,4
wants,5,4
vests,5,5
claim,4,3
mists,5,4
shone,4,3
kicks,7,4
tufts,4,5
valet,6,3
bends,4,3
curry,3,3
radii,5,4
block,3,4
rival,4,4
rains,6,3
croix,5,4
seers,6,3
rhine,4,4
eldon,4,3
saint,4,3
bexar,4,3
olson,3,4
cigar,5,4
hires,5,4
links,5,3
hough,4,5
carve,7,3
silky,3,3
sakos,5,3
bylot,5,4
bower,6,4
paxam,5,4
arhat,4,4
bugle,5,4
akita,4,3
kombo,5,4
poark,4,4
acres,6,2
lewis,4,4
gorge,3,4
drama,4,4
buddy,4,4
cribs,5,4
swirl,3,4
slick,4,4
lydia,2,5
walks,3,4
boron,4,3
bleak,3,4
blest,5,3
axiom,5,3
devil,3,3
habla,5,3
poach,4,4
plans,5,3
grace,3,4
reedy,4,4
skate,3,3
foams,4,4
posey,3,5
quite,4,4
stung,4,4
paved,5,5
swans,3,4
ramey,4,4
perse,6,3
ample,4,4
jedec,4,4
hilum,4,4
ranch,2,3
randy,4,3
livid,4,3
bless,5,5
offal,4,4
await,5,4
cohen,3,4
prowl,5,4
deeds,3,4
olden,5,3
loath,4,3
nuovo,3,4
karet,4,3
breed,6,4
wills,6,6
tells,4,3
carol,4,4
media,3,4
aspis,5,4
pokes,3,4
savor,4,3
round,3,3
cinch,2,3
stint,5,4
fluff,4,4
quint,3,3
natal,4,3
tears,5,3
unity,4,4
niger,2,4
howls,3,4
smear,4,3
steep,5,4
hoods,4,4
limbo,3,4
pipes,8,5
pangs,4,4
least,4,3
okada,3,3
foamy,4,3
genus,5,4
salem,4,3
aisle,3,3
druid,3,4
quack,4,4
kneel,5,3
silke,3,3
shish,4,4
ahead,5,4
japan,4,4
kebob,4,4
thief,4,4
teddy,4,5
rough,4,3
couch,3,3
leans,4,3
rings,4,2
start,3,4
groan,5,4
lands,4,4
flats,5,4
ulcer,4,4
theft,5,4
awful,5,4
about,3,4
roomy,6,4
cyril,5,3
joint,3,3
easel,4,4
hayek,5,4
argot,5,3
dense,5,3
hound,3,4
shack,5,3
dronk,4,3
ruled,4,4
heard,5,4
shell,4,4
julie,4,3
snuck,4,4
comma,4,3
askew,4,3
atone,5,3
leeds,3,4
elios,3,4
ecole,4,3
avail,3,4
manas,5,4
minot,5,4
yield,4,4
deity,5,3
savoy,4,4
acres,5,2
lurch,4,4
lobes,5,3
privy,3,4
onset,3,3
bakes,4,5
logic,3,3
haunt,3,3
aquam,5,4
samar,5,2
fetes,4,4
scrap,3,3
shady,4,4
depew,5,3
cheer,4,4
guile,3,4
khmer,4,5
daily,4,4
juras,4,4
mined,6,3
cooks,6,4
waged,4,4
ocher,2,3
astra,3,3
solar,3,3
hardy,3,4
kraft,5,5
click,4,4
gland,5,4
ruddy,5,4
molar,4,3
heron,2,4
crept,3,3
frito,3,4
hours,4,4
mrads,4,5
hairy,3,3
serra,3,3
oaken,5,3
circa,5,4
bunch,4,4
cluck,3,3
gavin,4,3
gouge,5,4
jidge,4,4
paint,4,4
focus,5,3
ideas,3,4
slaps,4,4
smart,6,3
ruddy,4,4
exist,4,4
whims,4,4
mails,7,4
stags,6,4
wants,6,4
mason,4,4
sugar,4,3
meets,5,4
clive,4,4
moons,6,4
grins,5,3
monic,4,4
lingo,4,4
thugs,4,5
osric,4,4
wispy,4,4
stuck,4,4
stunk,2,3
wreck,4,5
stunk,4,3
supra,5,4
brake,6,4
egypt,2,4
somay,4,4
water,2,5
somay,3,4
haydn,4,3
grubb,6,4
arbor,3,3
culte,6,4
sidle,4,3
cleva,4,4
teddy,3,5
fluid,4,3
nogol,4,4
ribes,3,4
right,3,4
molar,5,3
salle,4,3
spray,3,3
spine,4,3
halls,7,4
lions,4,3
gains,4,3
mitch,8,4
beads,3,3
books,5,4
black,4,4
globe,5,4
shops,5,4
plasm,6,3
reine,4,3
shies,4,3
allow,4,4
giant,4,3
irsac,3,3
siepi,4,3
flake,7,4
jeans,6,4
doria,3,4
exist,3,4
errol,4,4
bronx,6,4
roars,5,4
druid,4,4
okada,4,3
lundy,4,4
crush,3,3
bells,4,4
magog,3,5
canon,5,4
audit,4,4
simon,5,3
index,2,3
sever,4,3
dough,2,4
clash,3,3
pinsk,3,4
plane,5,4
inure,4,3
coach,4,3
mated,4,4
serge,2,3
theaf,5,4
toner,6,3
break,4,4
fears,6,4
curia,4,3
trade,3,2
rules,4,4
sayed,4,3
bolts,4,3
milky,3,4
skiff,5,4
locus,5,3
joyce,3,4
smash,6,3
reyes,4,3
reams,4,3
enver,4,3
vichy,6,4
check,2,3
simca,4,3
scarf,4,4
erwin,4,4
alors,3,3
