track_name,album_single,year,nZk,vocalist
determination,Ns'あおい,2006,0,河合夕子
determination,Ns'あおい,2006,0,仁科かおり
determination,Ns'あおい,2006,0,石塚真美
determination,Ns'あおい,2006,0,齋藤典子
determination,Ns'あおい,2006,0,玉木裕子
Habit,Ns'あおい,2006,0,
pride,Ns'あおい,2006,0,
Limit,Ns'あおい,2006,0,
black overall,Ns'あおい,2006,0,
not at all,Ns'あおい,2006,0,
Habit <flute ver.>,Ns'あおい,2006,0,
pride <guitar & strings quartet ver.>,Ns'あおい,2006,0,
determination <piano & strings quartet ver.>,Ns'あおい,2006,0,
Destination,Ns'あおい,2006,0,
禁断の戦い,牙狼<GARO>,2006,0,
危機,牙狼<GARO>,2006,0,
真魔界突入,牙狼<GARO>,2006,0,
陰我消滅の晩,牙狼<GARO>,2006,0,
暗黒騎士,牙狼<GARO>,2006,0,
掴み取った愛,牙狼<GARO>,2006,0,
守りし者として,牙狼<GARO>,2006,0,
暗黒へ向かう者,牙狼<GARO>,2006,0,
信じ合う心,牙狼<GARO>,2006,0,
大魔導陣の激闘,牙狼<GARO>,2006,0,
英霊,牙狼<GARO>,2006,0,
Catch a Waveのテーマ,Catch a Wave,2006,0,
Dreams,Catch a Wave,2006,0,
祈り,Catch a Wave,2006,0,
ひと夏の恋,Catch a Wave,2006,0,
Surf Battle,Catch a Wave,2006,0,
Take Off,Catch a Wave,2006,0,
Blue Dragon,医龍 -Team Medical Dragon-,2006,0,
pain,医龍 -Team Medical Dragon-,2006,0,
Red Dragon,医龍 -Team Medical Dragon-,2006,0,
grimace,医龍 -Team Medical Dragon-,2006,0,
Walea,医龍 -Team Medical Dragon-,2006,0,
SPIKE,医龍 -Team Medical Dragon-,2006,0,RxCx...ALL STARS
Rin,医龍 -Team Medical Dragon-,2006,0,河合夕子
Rin,医龍 -Team Medical Dragon-,2006,0,澤野彩子
sifle a yawn,医龍 -Team Medical Dragon-,2006,0,
Tu-Ru-La,医龍 -Team Medical Dragon-,2006,0,河合夕子
Tu-Ru-La,医龍 -Team Medical Dragon-,2006,0,仁科かおり
Blue Dragon <piano & guitar Ver>,医龍 -Team Medical Dragon-,2006,0,
Tide Over,医龍 -Team Medical Dragon-,2006,0,
Lie & Truth,医龍 -Team Medical Dragon-,2006,0,
unnecessary words,医龍 -Team Medical Dragon-,2006,0,
disturb,医龍 -Team Medical Dragon-,2006,0,
Kahiwa,医龍 -Team Medical Dragon-,2006,0,
cross,医龍 -Team Medical Dragon-,2006,0,
pain <piano solo Ver.>,医龍 -Team Medical Dragon-,2006,0,
spirit,医龍 -Team Medical Dragon-,2006,0,
Aesthetic,医龍 -Team Medical Dragon-,2006,0,関山藍果
Believe <Instrumental>,医龍 -Team Medical Dragon-,2006,0,
CRISIS,Soul Link,2006,0,
方舟,Soul Link,2006,0,
共和,Soul Link,2006,0,
for you,Soul Link,2006,0,
ハララクス,Soul Link,2006,0,
Accident,Soul Link,2006,0,
Rival,Soul Link,2006,0,
鎖された真実,Soul Link,2006,0,
for you <Gt.Ver.>,Soul Link,2006,0,
Love Theme,Soul Link,2006,0,
レクイエム,Soul Link,2006,0,
削られた記憶,Soul Link,2006,0,
Danger,Soul Link,2006,0,
Fight a Hard Battle,Soul Link,2006,0,
あたたかい声,Soul Link,2006,0,
Mr.MORIMOTO,Soul Link,2006,0,
夕星,Soul Link,2006,0,
Cheer up!,Soul Link,2006,0,
止まった時計,Soul Link,2006,0,
陰謀,Soul Link,2006,0,
Mission,Soul Link,2006,0,
go in,Soul Link,2006,0,
screaming <Instrument Ver.>,Soul Link,2006,0,
すれちがい,Soul Link,2006,0,
for you <オルゴール Ver.>,Soul Link,2006,0,
MURDER,Soul Link,2006,0,
沈黙の闇,Soul Link,2006,0,
スキュラ,Soul Link,2006,0,
despair,Soul Link,2006,0,
CELLARIA,Soul Link,2006,0,
クリスタル,Soul Link,2006,0,
眼光,Soul Link,2006,0,
暁光,Soul Link,2006,0,
white AIR,Soul Link,2006,0,
レクイエム <Piano Solo Ver.>,Soul Link,2006,0,
from sunset to sunrise,タイヨウのうた,2006,0,
back in the sun,タイヨウのうた,2006,0,河合夕子
back in the sun,タイヨウのうた,2006,0,永村かおる
SURFBOARD,タイヨウのうた,2006,0,
breeze,タイヨウのうた,2006,0,
STARY,タイヨウのうた,2006,0,
sea shore,タイヨウのうた,2006,0,
nervous,タイヨウのうた,2006,0,
BLOWIN',タイヨウのうた,2006,0,
from sunset to sunrise<piano & strings ver.>,タイヨウのうた,2006,0,河合夕子
from sunset to sunrise<piano & strings ver.>,タイヨウのうた,2006,0,永村かおる
bloom,タイヨウのうた,2006,0,河合夕子
bloom,タイヨウのうた,2006,0,永村かおる
splash,タイヨウのうた,2006,0,
hook,タイヨウのうた,2006,0,
unbalance,タイヨウのうた,2006,0,
in hurry,タイヨウのうた,2006,0,
BLOWIN' <piano & strings ver.>,タイヨウのうた,2006,0,
bloom <piano & strings quartet ver.>,タイヨウのうた,2006,0,
Light & Love,タイヨウのうた,2006,0,
from sunset to sunrise <guitar ver.>,タイヨウのうた,2006,0,
タイヨウのうた <strings ver.>,タイヨウのうた,2006,0,
前奏曲(プレリュード) -We are not alone-,夜明け前より瑠璃色な 〜Crescent Love〜（先行シングル）,2006,0,大藤史
symphonic version,夜明け前より瑠璃色な 〜Crescent Love〜（先行シングル）,2006,0,
chorus version,夜明け前より瑠璃色な 〜Crescent Love〜（先行シングル）,2006,0,河合夕子
piano version,夜明け前より瑠璃色な 〜Crescent Love〜（先行シングル）,2006,0,
instrumental,夜明け前より瑠璃色な 〜Crescent Love〜（先行シングル）,2006,0,
今を抱きしめて,夜明け前より瑠璃色な 〜Crescent Love〜（先行シングル）,2006,0,生天目仁美
Instrumental,夜明け前より瑠璃色な 〜Crescent Love〜（先行シングル）,2006,0,
オイディプス戦争,夜明け前より瑠璃色な 〜Crescent Love〜（アルバム）,2007,0,
麻衣のエチュード,夜明け前より瑠璃色な 〜Crescent Love〜（アルバム）,2007,0,
トラットリアへようこそ!,夜明け前より瑠璃色な 〜Crescent Love〜（アルバム）,2007,0,
今を抱きしめて piano & sax version,夜明け前より瑠璃色な 〜Crescent Love〜（アルバム）,2007,0,
お姫様がやってきた!,夜明け前より瑠璃色な 〜Crescent Love〜（アルバム）,2007,0,
フィーナの微笑み,夜明け前より瑠璃色な 〜Crescent Love〜（アルバム）,2007,0,
波音が呼んでいる!,夜明け前より瑠璃色な 〜Crescent Love〜（アルバム）,2007,0,
愉快な仲間達,夜明け前より瑠璃色な 〜Crescent Love〜（アルバム）,2007,0,
潜入のテーマ,夜明け前より瑠璃色な 〜Crescent Love〜（アルバム）,2007,0,
お姫様に迫る影,夜明け前より瑠璃色な 〜Crescent Love〜（アルバム）,2007,0,
不穏なる許婚,夜明け前より瑠璃色な 〜Crescent Love〜（アルバム）,2007,0,
運命の瞬間,夜明け前より瑠璃色な 〜Crescent Love〜（アルバム）,2007,0,
忍び寄るもの,夜明け前より瑠璃色な 〜Crescent Love〜（アルバム）,2007,0,
宿命の舞台へ,夜明け前より瑠璃色な 〜Crescent Love〜（アルバム）,2007,0,
揺れ動く想い,夜明け前より瑠璃色な 〜Crescent Love〜（アルバム）,2007,0,
今を抱きしめて harp version,夜明け前より瑠璃色な 〜Crescent Love〜（アルバム）,2007,0,
月を見上げながら…,夜明け前より瑠璃色な 〜Crescent Love〜（アルバム）,2007,0,
自由への逃走,夜明け前より瑠璃色な 〜Crescent Love〜（アルバム）,2007,0,
反撃開始～ 「前奏曲 -We are not alone-,夜明け前より瑠璃色な 〜Crescent Love〜（アルバム）,2007,0,
そして闘いへ,夜明け前より瑠璃色な 〜Crescent Love〜（アルバム）,2007,0,
愛するものを守るため,夜明け前より瑠璃色な 〜Crescent Love〜（アルバム）,2007,0,
前奏曲 -We are not alone- sax version,夜明け前より瑠璃色な 〜Crescent Love〜（アルバム）,2007,0,
祝福の日 ～瑠璃色の空の下で～,夜明け前より瑠璃色な 〜Crescent Love〜（アルバム）,2007,0,
鋼牙,牙狼<GARO>スペシャル ～白夜の魔獣～,2007,0,
焔の黄金騎士,牙狼<GARO>スペシャル ～白夜の魔獣～,2007,0,
悲しみを乗り越えて,牙狼<GARO>スペシャル ～白夜の魔獣～,2007,0,
翼 -天空の覇者-,牙狼<GARO>スペシャル ～白夜の魔獣～,2007,0,
白夜騎士,牙狼<GARO>スペシャル ～白夜の魔獣～,2007,0,
決戦,牙狼<GARO>スペシャル ～白夜の魔獣～,2007,0,
大逆転,牙狼<GARO>スペシャル ～白夜の魔獣～,2007,0,
RIN,牙狼<GARO>スペシャル ～白夜の魔獣～,2007,0,
motherhood ～me & my mom～<Main Theme>,東京タワー ～オカンとボクと、時々、オトン～,2007,0,河合夕子
motherhood ～me & my mom～<Main Theme>,東京タワー ～オカンとボクと、時々、オトン～,2007,0,仁科かおり
Tang,東京タワー ～オカンとボクと、時々、オトン～,2007,0,仁科かおり
Sometimes O・T・O・N,東京タワー ～オカンとボクと、時々、オトン～,2007,0,
classic or rock,東京タワー ～オカンとボクと、時々、オトン～,2007,0,
Dear My Home Town <Guitar Ver.>,東京タワー ～オカンとボクと、時々、オトン～,2007,0,河合夕子
passive days,東京タワー ～オカンとボクと、時々、オトン～,2007,0,
troublemaker,東京タワー ～オカンとボクと、時々、オトン～,2007,0,
Boo-Boo-Booing,東京タワー ～オカンとボクと、時々、オトン～,2007,0,
Yah-Guitar Man,東京タワー ～オカンとボクと、時々、オトン～,2007,0,
loosing the word,東京タワー ～オカンとボクと、時々、オトン～,2007,0,河合夕子
sophisticated love <Strings Ver.>,東京タワー ～オカンとボクと、時々、オトン～,2007,0,
Theatre of Okan & Oton,東京タワー ～オカンとボクと、時々、オトン～,2007,0,
Tang <Okan & Boku Ver.>,東京タワー ～オカンとボクと、時々、オトン～,2007,0,
cry,東京タワー ～オカンとボクと、時々、オトン～,2007,0,
sophisticated love,東京タワー ～オカンとボクと、時々、オトン～,2007,0,河合夕子
sophisticated love,東京タワー ～オカンとボクと、時々、オトン～,2007,0,仁科かおり
Dear My Home Town,東京タワー ～オカンとボクと、時々、オトン～,2007,0,
motherhood ～me & my mom～ <Vocal Ver.>,東京タワー ～オカンとボクと、時々、オトン～,2007,0,関山藍果
蕾 <Instrumental>,東京タワー ～オカンとボクと、時々、オトン～,2007,0,
BLOOD ～Main Theme～,孤独の賭け〜愛しき人よ〜,2007,0,
VENOMOUS,孤独の賭け〜愛しき人よ〜,2007,0,
gravity,孤独の賭け〜愛しき人よ〜,2007,0,
Big Break,孤独の賭け〜愛しき人よ〜,2007,0,
plot,孤独の賭け〜愛しき人よ〜,2007,0,
Thousand Seeds,孤独の賭け〜愛しき人よ〜,2007,0,
out & out,孤独の賭け〜愛しき人よ〜,2007,0,
BLOOD <sax & strings ver.>,孤独の賭け〜愛しき人よ〜,2007,0,
BET,孤独の賭け〜愛しき人よ〜,2007,0,
stillness,孤独の賭け〜愛しき人よ〜,2007,0,
SURVIVE,孤独の賭け〜愛しき人よ〜,2007,0,
Rising Moon,孤独の賭け〜愛しき人よ〜,2007,0,
gravity <piano solo ver.>,孤独の賭け〜愛しき人よ〜,2007,0,
dense fog,孤独の賭け〜愛しき人よ〜,2007,0,
beyond the time,孤独の賭け〜愛しき人よ〜,2007,0,
Beckon,孤独の賭け〜愛しき人よ〜,2007,0,
Thousand Seeds <violin & cello ver.>,孤独の賭け〜愛しき人よ〜,2007,0,
BLOOD <flugelforn & strings ver.>,孤独の賭け〜愛しき人よ〜,2007,0,
Rising Moon <piano & quartet ver.>,孤独の賭け〜愛しき人よ〜,2007,0,
Climb to the Top,孤独の賭け〜愛しき人よ〜,2007,0,
alone,孤独の賭け〜愛しき人よ〜,2007,0,
孤独のカケラ <violin & piano solo ver.>,孤独の賭け〜愛しき人よ〜,2007,0,
Main Theme,ZOMBIE-LOAN,2007,0,
カルメラ,ZOMBIE-LOAN,2007,0,
ZOMBIE,ZOMBIE-LOAN,2007,0,
Solitary Serenade,ZOMBIE-LOAN,2007,0,関山藍果
Wall of Fog,ZOMBIE-LOAN,2007,0,
BUTTERFLY,ZOMBIE-LOAN,2007,0,
read a riddle,ZOMBIE-LOAN,2007,0,
董奉,ZOMBIE-LOAN,2007,0,
A-LOAN,ZOMBIE-LOAN,2007,0,
Horror,ZOMBIE-LOAN,2007,0,
輪,ZOMBIE-LOAN,2007,0,
終わりなき闇,ZOMBIE-LOAN,2007,0,
鼈甲,ZOMBIE-LOAN,2007,0,
Z,ZOMBIE-LOAN,2007,0,
battle field,ZOMBIE-LOAN,2007,0,
REAPER,ZOMBIE-LOAN,2007,0,
Shito & Chika,ZOMBIE-LOAN,2007,0,
confront,ZOMBIE-LOAN,2007,0,
get into a jam,ZOMBIE-LOAN,2007,0,
Confinement,ZOMBIE-LOAN,2007,0,
insanity,ZOMBIE-LOAN,2007,0,
陽射,ZOMBIE-LOAN,2007,0,
Pa-Si-Ri,ZOMBIE-LOAN,2007,0,
transparent,ZOMBIE-LOAN,2007,0,
Good Friend?,ZOMBIE-LOAN,2007,0,
Powder,ZOMBIE-LOAN,2007,0,
Live or Dead,ZOMBIE-LOAN,2007,0,
灰色の霧,ZOMBIE-LOAN,2007,0,
アンデッド,ZOMBIE-LOAN,2007,0,
アーク,ZOMBIE-LOAN,2007,0,
Michiru,ZOMBIE-LOAN,2007,0,
緊迫,ZOMBIE-LOAN,2007,0,
Main Theme ～strings ver.～,ZOMBIE-LOAN,2007,0,
側にある死,ZOMBIE-LOAN,2007,0,
scare,ZOMBIE-LOAN,2007,0,
nightmare,ZOMBIE-LOAN,2007,0,
涙,ZOMBIE-LOAN,2007,0,
breathe one's last,ZOMBIE-LOAN,2007,0,
cruel,ZOMBIE-LOAN,2007,0,
Save Your Soul,ZOMBIE-LOAN,2007,0,紀多みちる(桑島法子)
Don't love me★baby,ZOMBIE-LOAN,2007,0,芝怜一朗(諏訪部順一)
Another sky,ZOMBIE-LOAN,2007,0,赤月知佳(鈴村健一)
Survive,ZOMBIE-LOAN,2007,0,赤月知佳(鈴村健一)
Survive,ZOMBIE-LOAN,2007,0,橘思徒(櫻井孝宏)
WWW～赤道の冬,機神大戦ギガンティック・フォーミュラ,2007,0,
MAIN THEME,機神大戦ギガンティック・フォーミュラ,2007,0,
Practical Base,機神大戦ギガンティック・フォーミュラ,2007,0,
UN,機神大戦ギガンティック・フォーミュラ,2007,0,
EM-cloud,機神大戦ギガンティック・フォーミュラ,2007,0,
兆し,機神大戦ギガンティック・フォーミュラ,2007,0,
覚醒,機神大戦ギガンティック・フォーミュラ,2007,0,
Translator,機神大戦ギガンティック・フォーミュラ,2007,0,
影,機神大戦ギガンティック・フォーミュラ,2007,0,
waning moon,機神大戦ギガンティック・フォーミュラ,2007,0,
BRAVE,機神大戦ギガンティック・フォーミュラ,2007,0,
戦闘,機神大戦ギガンティック・フォーミュラ,2007,0,
Theme of MANA,機神大戦ギガンティック・フォーミュラ,2007,0,
閃光,機神大戦ギガンティック・フォーミュラ,2007,0,
Theme of SHINGO,機神大戦ギガンティック・フォーミュラ,2007,0,
Okutamada-Princess,機神大戦ギガンティック・フォーミュラ,2007,0,
LEGEND,機神大戦ギガンティック・フォーミュラ,2007,0,
ユーノワVIII ～アルゴスの百目,機神大戦ギガンティック・フォーミュラ,2007,0,
Out Break,機神大戦ギガンティック・フォーミュラ,2007,0,
destroyer,機神大戦ギガンティック・フォーミュラ,2007,0,
信頼,機神大戦ギガンティック・フォーミュラ,2007,0,
Ring,機神大戦ギガンティック・フォーミュラ,2007,0,
JUPITAR II,機神大戦ギガンティック・フォーミュラ,2007,0,
darkness & blaze,機神大戦ギガンティック・フォーミュラ,2007,0,
ブレイクタイム,機神大戦ギガンティック・フォーミュラ,2007,0,
Gigantic Formula,機神大戦ギガンティック・フォーミュラ,2007,0,
記憶,機神大戦ギガンティック・フォーミュラ,2007,0,
希望,機神大戦ギガンティック・フォーミュラ,2007,0,
Theme of MANA <cello & piano ver.>,機神大戦ギガンティック・フォーミュラ,2007,0,
機神,機神大戦ギガンティック・フォーミュラ,2007,0,
bravery,機神大戦ギガンティック・フォーミュラ,2007,0,
眩惑,機神大戦ギガンティック・フォーミュラ,2007,0,
Heaven only knows ～オニクス13～,機神大戦ギガンティック・フォーミュラ,2007,0,
離別,機神大戦ギガンティック・フォーミュラ,2007,0,
覚悟,機神大戦ギガンティック・フォーミュラ,2007,0,
スサノオ十式,機神大戦ギガンティック・フォーミュラ,2007,0,
energy crisis,機神大戦ギガンティック・フォーミュラ,2007,0,
意思,機神大戦ギガンティック・フォーミュラ,2007,0,
劣勢,機神大戦ギガンティック・フォーミュラ,2007,0,
white tone,機神大戦ギガンティック・フォーミュラ,2007,0,
絆,機神大戦ギガンティック・フォーミュラ,2007,0,
巨神頭像,機神大戦ギガンティック・フォーミュラ,2007,0,
G-F,機神大戦ギガンティック・フォーミュラ,2007,0,
予感,機神大戦ギガンティック・フォーミュラ,2007,0,
Thirteenth God,機神大戦ギガンティック・フォーミュラ,2007,0,
郷愁,機神大戦ギガンティック・フォーミュラ,2007,0,
恋心,機神大戦ギガンティック・フォーミュラ,2007,0,
main theme <strings ver.>,機神大戦ギガンティック・フォーミュラ,2007,0,
疑念,機神大戦ギガンティック・フォーミュラ,2007,0,
ENEMY,機神大戦ギガンティック・フォーミュラ,2007,0,
for you,機神大戦ギガンティック・フォーミュラ,2007,0,
Backyard,機神大戦ギガンティック・フォーミュラ,2007,0,
共鳴,機神大戦ギガンティック・フォーミュラ,2007,0,
main theme <piano ver.>,機神大戦ギガンティック・フォーミュラ,2007,0,
終幕,機神大戦ギガンティック・フォーミュラ,2007,0,
模擬戦,機神大戦ギガンティック・フォーミュラ,2007,0,
HI-KA-RI,機神大戦ギガンティック・フォーミュラ,2007,0,
摩擦,機神大戦ギガンティック・フォーミュラ,2007,0,
MAIN THEME <ver. 0>,機神大戦ギガンティック・フォーミュラ,2007,0,
自虐の詩,自虐の詩,2007,0,
ALL IN ALL,自虐の詩,2007,0,
Passionate Tango,自虐の詩,2007,0,
the ups and downs of Life,自虐の詩,2007,0,
自虐の人,自虐の詩,2007,0,
幸せになれますように,自虐の詩,2007,0,
nocturne,自虐の詩,2007,0,
自虐の街,自虐の詩,2007,0,
OVERTURN-GO,自虐の詩,2007,0,
心の声,自虐の詩,2007,0,
自虐の音,自虐の詩,2007,0,
近くにいても、遠くにいても、嬉しい時も、悲しい時も...,自虐の詩,2007,0,
気仙沼牛乳,自虐の詩,2007,0,
自虐の家,自虐の詩,2007,0,
poor & pure,自虐の詩,2007,0,
nocturne ～reprise～,自虐の詩,2007,0,
I love you,自虐の詩,2007,0,関山藍果
DRAGON RISES,医龍 -Team Medical Dragon- 2,2007,0,
BLUE DRAGON <'07 ver.>,医龍 -Team Medical Dragon- 2,2007,0,
Engel und Teufel,医龍 -Team Medical Dragon- 2,2007,0,
Feind oder Freund,医龍 -Team Medical Dragon- 2,2007,0,
Intrigant,医龍 -Team Medical Dragon- 2,2007,0,
entlassen,医龍 -Team Medical Dragon- 2,2007,0,
In The Box,医龍 -Team Medical Dragon- 2,2007,0,
thick tone,医龍 -Team Medical Dragon- 2,2007,0,
spirit <strings ver.>,医龍 -Team Medical Dragon- 2,2007,0,
RED DRAGON <'07 ver.>,医龍 -Team Medical Dragon- 2,2007,0,
Aesthetic,医龍 -Team Medical Dragon- 2,2007,0,関山藍果
Battle with silence,医龍 -Team Medical Dragon- 2,2007,0,
OUT BALANCE,医龍 -Team Medical Dragon- 2,2007,0,
Eugel und Teufel <piano & cello ver.>,医龍 -Team Medical Dragon- 2,2007,0,
psychological warfare,医龍 -Team Medical Dragon- 2,2007,0,
BLACk SMILe,医龍 -Team Medical Dragon- 2,2007,0,
spirit <guitar ver.>,医龍 -Team Medical Dragon- 2,2007,0,
Northern Sea,医龍 -Team Medical Dragon- 2,2007,0,
BLUE DRAGON <strings ver.>,医龍 -Team Medical Dragon- 2,2007,0,
ONE <soundtrack ver.>,医龍 -Team Medical Dragon- 2,2007,0,
iN thE suN,陰日向に咲く,2008,0,
陰日向の人々,陰日向に咲く,2008,0,
O-T@-KU,陰日向に咲く,2008,0,
flower,陰日向に咲く,2008,0,
iN AsakusA,陰日向に咲く,2008,0,
Poooo-$,陰日向に咲く,2008,0,
初恋,陰日向に咲く,2008,0,
もも缶,陰日向に咲く,2008,0,
FEVER!?,陰日向に咲く,2008,0,
kiss the flower,陰日向に咲く,2008,0,
Reunion,陰日向に咲く,2008,0,
オレです…,陰日向に咲く,2008,0,
awkward,陰日向に咲く,2008,0,
ゆうすけさんへ,陰日向に咲く,2008,0,
Yearn for Moses,陰日向に咲く,2008,0,
NARUKO and RAITA,陰日向に咲く,2008,0,
Lost My Mother,陰日向に咲く,2008,0,
Umbrella,陰日向に咲く,2008,0,
jupiter,陰日向に咲く,2008,0,
After The Rain,陰日向に咲く,2008,0,
拝啓、僕のアイドル様。,陰日向に咲く,2008,0,
charm,陰日向に咲く,2008,0,
My Way Home,陰日向に咲く,2008,0,
Back to the Starting Point,貧乏男子 ボンビーメン,2008,0,
BOMB BEE MEN!,貧乏男子 ボンビーメン,2008,0,
friends,貧乏男子 ボンビーメン,2008,0,
a sLicE oF LiFE,貧乏男子 ボンビーメン,2008,0,
OUTLAW,貧乏男子 ボンビーメン,2008,0,
OmuOmu Theme,貧乏男子 ボンビーメン,2008,0,
The man who is in great request,貧乏男子 ボンビーメン,2008,0,
OmuOmu-Blues,貧乏男子 ボンビーメン,2008,0,
DECISION,貧乏男子 ボンビーメン,2008,0,
Life's tapestry,貧乏男子 ボンビーメン,2008,0,
SONIC BOOM,貧乏男子 ボンビーメン,2008,0,
A.I.R-K.I.C.K.-Y.A.H.!!,貧乏男子 ボンビーメン,2008,0,
money < heart ??,貧乏男子 ボンビーメン,2008,0,
friends <guitar version>,貧乏男子 ボンビーメン,2008,0,
debt,貧乏男子 ボンビーメン,2008,0,
That's All Right!?!,貧乏男子 ボンビーメン,2008,0,
TAKE A DARE,貧乏男子 ボンビーメン,2008,0,
Life's tapestry <piano version>,貧乏男子 ボンビーメン,2008,0,
mjyu,貧乏男子 ボンビーメン,2008,0,
Back to the Starting Point <sax and strings version>,貧乏男子 ボンビーメン,2008,0,
モノクローム <soundtrack version>,貧乏男子 ボンビーメン,2008,0,
桜時計,HAVE A NICE DAY,2008,0,
Have A Nice Day!!,HAVE A NICE DAY,2008,0,
Little Wing,HAVE A NICE DAY,2008,0,
Together,HAVE A NICE DAY,2008,0,
ついておいで,HAVE A NICE DAY,2008,0,
DIVE,ハチワンダイバー,2008,0,
81DIVER,ハチワンダイバー,2008,0,
CHECKMATE,ハチワンダイバー,2008,0,
BISHOP,ハチワンダイバー,2008,0,
LANCE,ハチワンダイバー,2008,0,
ENDGAME,ハチワンダイバー,2008,0,
GOLD,ハチワンダイバー,2008,0,大川茂奈美
MOVE,ハチワンダイバー,2008,0,
SILVER,ハチワンダイバー,2008,0,
KNIGHT,ハチワンダイバー,2008,0,仁科かおり
CHECKMATE <piano & strings version>,ハチワンダイバー,2008,0,
WHITE,ハチワンダイバー,2008,0,
PAWN,ハチワンダイバー,2008,0,
KING,ハチワンダイバー,2008,0,
ROOK,ハチワンダイバー,2008,0,
DROP,ハチワンダイバー,2008,0,
RANK,ハチワンダイバー,2008,0,
CASTLE,ハチワンダイバー,2008,0,
BLACK,ハチワンダイバー,2008,0,
FILE,ハチワンダイバー,2008,0,
GOLD <strings version>,ハチワンダイバー,2008,0,
ALL I WANT IS YOU,ハチワンダイバー,2008,0,井上優弥子
Schlaflied,魔王,2008,0,井上優弥子
LiVE/EViL,魔王,2008,0,
BeeLzeBuB,魔王,2008,0,
RequieM,魔王,2008,0,
LuCiFer,魔王,2008,0,
AstArOth,魔王,2008,0,
fLEurEttY,魔王,2008,0,
pSYCHOMETRy,魔王,2008,0,
aGaLiaRePT,魔王,2008,0,
GracE,魔王,2008,0,
sAtAnAchiA,魔王,2008,0,
luciFUGE,魔王,2008,0,
saRgaTaNAs,魔王,2008,0,
cliché,魔王,2008,0,大川茂奈美
LiVE/EViL (guitar version),魔王,2008,0,
gEHENNa,魔王,2008,0,
GracE (guitar version),魔王,2008,0,
neBirOs,魔王,2008,0,
Oblivion-・Male・Expiation・Nightmare,魔王,2008,0,
666,魔王,2008,0,
LiVE/EViL (orchestra version),魔王,2008,0,
Schlaflied (chorus version),魔王,2008,0,井上優弥子
PRISONER,プリズナー,2008,0,
BLACK MARIA,プリズナー,2008,0,
ILLEGAL,プリズナー,2008,0,
JUDGE,プリズナー,2008,0,
JAILBREAK,プリズナー,2008,0,
SIGN,プリズナー,2008,0,
BETRAYER,プリズナー,2008,0,
SERAIVIA,プリズナー,2008,0,
DISTRESS,プリズナー,2008,0,
TRUST,プリズナー,2008,0,
DESPERADO,プリズナー,2008,0,
GAME,プリズナー,2008,0,
PURSUER,プリズナー,2008,0,
SEARCH,プリズナー,2008,0,
SIGN <guitar version>,プリズナー,2008,0,
SWINDLE,プリズナー,2008,0,
SLAYER,プリズナー,2008,0,
DISORDER,プリズナー,2008,0,
LIFE,プリズナー,2008,0,山本結
murder case,トライアングル,2009,0,河合夕子
tragedy,トライアングル,2009,0,
incompetent fool,トライアングル,2009,0,
madness,トライアングル,2009,0,
tragedy <internal version>,トライアングル,2009,0,
ill will,トライアングル,2009,0,
acute angle & right angle,トライアングル,2009,0,
murder case <Quartet version>,トライアングル,2009,0,
scars of love,トライアングル,2009,0,Cyua
BaNG!!,BOSS（第一期）,2009,0,河合夕子
BaNG!!,BOSS（第一期）,2009,0,井上優弥子
BaNG!!,BOSS（第一期）,2009,0,Sen
BaNG!!,BOSS（第一期）,2009,0,Melo-J
BaNG!!,BOSS（第一期）,2009,0,yassh!!
80$$,BOSS（第一期）,2009,0,
Licht,BOSS（第一期）,2009,0,
GtPfEp,BOSS（第一期）,2009,0,
violet tone,BOSS（第一期）,2009,0,
Secret Weakness,BOSS（第一期）,2009,0,KAKA from THEATRE ACADEMY
Heaven's Door,戦国BASARA,2009,0,
The Beginning Of The SENGOKU Era,戦国BASARA,2009,0,
ZipangU,戦国BASARA,2009,0,
GYOKURO,戦国BASARA,2009,0,
DARK CLOUD ～at the end of the road,戦国BASARA,2009,0,
Shut up ～Go to Hell,戦国BASARA,2009,0,
meditation ～wander,戦国BASARA,2009,0,
Peaceful Days,戦国BASARA,2009,0,
Luster.,戦国BASARA,2009,0,
mastermind,戦国BASARA,2009,0,
BLAZE ～Crimson Lotus～,戦国BASARA,2009,0,
cruel AND unusual,戦国BASARA,2009,0,
RAN,戦国BASARA,2009,0,
stand FACE To face,戦国BASARA,2009,0,
NINJA ～SAMURAI,戦国BASARA,2009,0,
Critical Heat,戦国BASARA,2009,0,
That's part of being a warrior,戦国BASARA,2009,0,
WA-SA-BI ～aiyaiyaiya-aiyaiya～,戦国BASARA,2009,0,
胡蝶の夢,戦国BASARA,2009,0,
奥州筆頭,戦国BASARA,2009,0,
戦神覇王,戦国BASARA,2009,0,
鉄拳 ～甲斐の虎より愛を込めて～,戦国BASARA,2009,0,
水光に映る従夢,戦国BASARA,2009,0,
浮世の習い,戦国BASARA,2009,0,
第六天魔王,戦国BASARA,2009,0,
冷眼下瞰,戦国BASARA,2009,0,
天覇絶槍,戦国BASARA,2009,0,
時は戦国、群雄割拠の時代,戦国BASARA,2009,0,
どこの祭りに行ったか知らねえが、やけにハッピーな野郎だな ～笑えないジョークだ,戦国BASARA,2009,0,
華麗なるなんとか,戦国BASARA,2009,0,
蒼天疾駆,戦国BASARA,2009,0,
破敗,戦国BASARA,2009,0,
龍魔 <天下統一絵巻>,戦国BASARA,2009,0,
Black & Blue Room,musica,2009,0,
fiore,musica,2009,0,Cyua
musica,musica,2009,0,
The Moment of Dreams,musica,2009,0,関山藍果
snow,musica,2009,0,
sTone,musica,2009,0,山本結
LUNA,musica,2009,0,
Blue Dragon (Piano ver.),musica,2009,0,
Voice of Light,musica,2009,0,関山藍果
SoLa,musica,2009,0,
Melancholia,musica,2009,0,Aimee Blackschleger
Melancholia,musica,2009,0,David Whitaker
AcE & ArMs,musica,2009,0,
Aesthetic,musica,2009,0,関山藍果
mein Madchen,マイガール,2009,0,
Vater,マイガール,2009,0,
Auf Wiedersehen,マイガール,2009,0,
mein Madchen <fur Gitarre>,マイガール,2009,0,
kalte Tranen,マイガール,2009,0,
lose Faden,マイガール,2009,0,
mein Madchen <fur Klavier>,マイガール,2009,0,
Grau,マイガール,2009,0,
mein Madchen <fur Cello>,マイガール,2009,0,
Danke schon,マイガール,2009,0,
Welcome to my Land,彼岸島,2010,0,
Versus,彼岸島,2010,0,
RAID ON A FORT,彼岸島,2010,0,
RAIKI,彼岸島,2010,0,
the moment to decide,彼岸島,2010,0,
That is HIGANJIMA,彼岸島,2010,0,
VAMPIRE,彼岸島,2010,0,
Maruta de DON!!,彼岸島,2010,0,
good bye my friend,彼岸島,2010,0,
Resistant,彼岸島,2010,0,
Bloodbath,彼岸島,2010,0,mpi
Bloodbath,彼岸島,2010,0,神棒尚史
an ominous silence,彼岸島,2010,0,
memory of brother,彼岸島,2010,0,
the moment to decide (Gt. ver.),彼岸島,2010,0,
MIYABI Castle,彼岸島,2010,0,
seas of blood,彼岸島,2010,0,
this is higanjima,彼岸島,2010,0,
Time of Trial,彼岸島,2010,0,
PON,彼岸島,2010,0,
infection,彼岸島,2010,0,
one-sided love,彼岸島,2010,0,
Nanjaaa!Koryaaa!!!,彼岸島,2010,0,
Scheusal,彼岸島,2010,0,
Last Vampire,彼岸島,2010,0,
to be continue!?,彼岸島,2010,0,
Aaa～Eee～,彼岸島,2010,0,
run away,彼岸島,2010,0,
MIYABI,彼岸島,2010,0,
HONEST,まっすぐな男,2010,0,
♂vs♀,まっすぐな男,2010,0,
♂&♀,まっすぐな男,2010,0,
Twisted 女,まっすぐな男,2010,0,
Pfx8,まっすぐな男,2010,0,
HONEST <slow version>,まっすぐな男,2010,0,
De-De DeッDe♪,まっすぐな男,2010,0,
♂&♀ <piano & guitar version>,まっすぐな男,2010,0,
Mo000-DASH!!,まっすぐな男,2010,0,
783,まっすぐな男,2010,0,
Illusion,まっすぐな男,2010,0,小林未郁
ストレイト <Original Soundtrack Version>,まっすぐな男,2010,0,
U.C.0096,機動戦士ガンダムUC,2010,0,
UNICORN,機動戦士ガンダムUC,2010,0,
THE UNIVERS,機動戦士ガンダムUC,2010,0,
MINEVA,機動戦士ガンダムUC,2010,0,
MOBILE SUIT,機動戦士ガンダムUC,2010,0,
LAPLACE,機動戦士ガンダムUC,2010,0,
MARIDA,機動戦士ガンダムUC,2010,0,
A LETTER,機動戦士ガンダムUC,2010,0,Cyua
INFERNAL AFFAIRS,機動戦士ガンダムUC,2010,0,
E.F.S.F.,機動戦士ガンダムUC,2010,0,
PIANO TO ANNA,機動戦士ガンダムUC,2010,0,
ON YOUR MARK,機動戦士ガンダムUC,2010,0,
FULL-FRONTAL,機動戦士ガンダムUC,2010,0,
BRING ON A WAR,機動戦士ガンダムUC,2010,0,
INEQUALITY-A CLOUD OF WAR,機動戦士ガンダムUC,2010,0,
OTTO-FOR A CHANGE,機動戦士ガンダムUC,2010,0,
LIFE & DEATH,機動戦士ガンダムUC,2010,0,
THE DISTANT PAST,機動戦士ガンダムUC,2010,0,
GO ON A FORAY,機動戦士ガンダムUC,2010,0,
FEAR→SORROW,機動戦士ガンダムUC,2010,0,
H@R0,機動戦士ガンダムUC,2010,0,
RX-0,機動戦士ガンダムUC,2010,0,
LICHT MEER,機動戦士ガンダムUC,2010,0,井上優弥子
LICHT MEER,機動戦士ガンダムUC,2010,0,河合夕子
ZERO GRAVITY,機動戦士ガンダムUC,2010,0,
BOXX!!,ボックス!,2010,0,河合夕子
BOXX!!,ボックス!,2010,0,仁科かおり
BOXX!!,ボックス!,2010,0,神棒尚史
BOXX!!,ボックス!,2010,0,Naoya
BOXX!!,ボックス!,2010,0,Hikaru
BOXX!!,ボックス!,2010,0,Hajime
BOXX!!,ボックス!,2010,0,Sen
BOXX!!,ボックス!,2010,0,Melo-J
SEEK YOUR FATE,ボックス!,2010,0,
CHILDHOOD,ボックス!,2010,0,
FUNK PUNKY MONKEY,ボックス!,2010,0,
ACID JAB,ボックス!,2010,0,
○‐,ボックス!,2010,0,
R@MUNAI,ボックス!,2010,0,
LUMIERE,ボックス!,2010,0,Naoya
LUMIERE,ボックス!,2010,0,Hikaru
LUMIERE,ボックス!,2010,0,Hajime
LUMIERE,ボックス!,2010,0,Sen
LUMIERE,ボックス!,2010,0,Melo-J
SHADOW,ボックス!,2010,0,
PUNCH-UP POO,ボックス!,2010,0,
JUVIE,ボックス!,2010,0,
FINAL DANCE,ボックス!,2010,0,神棒尚史
CHILDHOOD[Hasuta luego VER.],ボックス!,2010,0,仁科かおり
GREEN TONE,ボックス!,2010,0,
SPA-MUCHO,ボックス!,2010,0,
GLARE,ボックス!,2010,0,
KY,ボックス!,2010,0,
U-KI,ボックス!,2010,0,
CROSS COUNTER,ボックス!,2010,0,
○‐ [P.S.VER.],ボックス!,2010,0,
THE GONG,ボックス!,2010,0,小林未郁
BOXX!! [REBASASHI-REMIX],ボックス!,2010,0,
PUNCH-DRUNK,ボックス!,2010,0,
OMAKE de MEDO===RE…i,ボックス!,2010,0,
Wild War Dance,戦国BASARA弐,2010,0,Aimee Blackschleger
the Edge oF a §WORD,戦国BASARA弐,2010,0,
CONQUEROR,戦国BASARA弐,2010,0,
This is a Fight to Change the World,戦国BASARA弐,2010,0,小林未郁
der Traum deines Lebens,戦国BASARA弐,2010,0,井上優弥子
the back of the DR@GON,戦国BASARA弐,2010,0,
WaTER LiGHT [choto-chigau REMIX],戦国BASARA弐,2010,0,
@-2-期!!,戦国BASARA弐,2010,0,
sacrificed PIECE,戦国BASARA弐,2010,0,
THE pOINT Of A sword→E-moll,戦国BASARA弐,2010,0,
CR€SC∃NT,戦国BASARA弐,2010,0,小林未郁
CR€SC∃NT,戦国BASARA弐,2010,0,神棒尚史
Heaven's Door [ZERO-TWO Ver.],戦国BASARA弐,2010,0,
BLAZE [ZERO-TWO Ver.],戦国BASARA弐,2010,0,
GHOST of ICHI,戦国BASARA弐,2010,0,井上優弥子
Ore最叫!?,戦国BASARA弐,2010,0,
STRATAGEM→Armor-Clad Warrior,戦国BASARA弐,2010,0,
BPM120,戦国BASARA弐,2010,0,
I Tone,戦国BASARA弐,2010,0,
Luster. [Dream-Luck REMIX],戦国BASARA弐,2010,0,
乱 AgainsT,戦国BASARA弐,2010,0,
B∀TTL∃field$,戦国BASARA弐,2010,0,
MARKS,マークスの山,2010,0,
DESTINY,マークスの山,2010,0,
WOUND,マークスの山,2010,0,
ORGANIZATION,マークスの山,2010,0,
DIABOLIC,マークスの山,2010,0,
GRAY TONE,マークスの山,2010,0,
INVESTIGATION,マークスの山,2010,0,
IMPENETRABLE,マークスの山,2010,0,
HATRED,マークスの山,2010,0,
PREMEDITATED CRIME,マークスの山,2010,0,
BLUE&RED,マークスの山,2010,0,
INSANITY,マークスの山,2010,0,
SERIAL MURDERS,マークスの山,2010,0,
DARK MOUNTAIN,マークスの山,2010,0,
M-TONE,マークスの山,2010,0,
MYSTIC MOUNTAIN,マークスの山,2010,0,
DESTINY (VC&PF VER.),マークスの山,2010,0,
INSANITY LOVE,マークスの山,2010,0,Chris Catalano
M,マークスの山,2010,0,
A,マークスの山,2010,0,
R,マークスの山,2010,0,
K,マークスの山,2010,0,
S,マークスの山,2010,0,
DESTINY (PF VER.),マークスの山,2010,0,
TEARS Of The DRAGON,医龍-Team Medical Dragon-3,2010,0,小林未郁
BLOOD oF thE DRAGON,医龍-Team Medical Dragon-3,2010,0,
BL@CK,医龍-Team Medical Dragon-3,2010,0,
MGR×A,医龍-Team Medical Dragon-3,2010,0,
K2,医龍-Team Medical Dragon-3,2010,0,
NO-口,医龍-Team Medical Dragon-3,2010,0,
TEARS Of The DRAGON <Re:prise>,医龍-Team Medical Dragon-3,2010,0,
BLUE DRAGON <TMD3 VER.>,医龍-Team Medical Dragon-3,2010,0,小林未郁
BLUE DRAGON <'07 ver.>,医龍-Team Medical Dragon-3,2010,0,
DRAGON RISES,医龍-Team Medical Dragon-3,2010,0,
Tide Over,医龍-Team Medical Dragon-3,2010,0,
spirit,医龍-Team Medical Dragon-3,2010,0,
RED DRAGON <'07 ver.>,医龍-Team Medical Dragon-3,2010,0,
Aesthetic,医龍-Team Medical Dragon-3,2010,0,関山藍果
Engel und Teufel,医龍-Team Medical Dragon-3,2010,0,
ramdom-E,マルモのおきて,2011,0,
ramdom-E <BPM64v>,マルモのおきて,2011,0,
Missing Piece,マルモのおきて,2011,0,mpi
1st-Mov.:S,劇場版 戦国BASARA -The Last Party-,2011,0,
2nd-Mov.:E,劇場版 戦国BASARA -The Last Party-,2011,0,
3rd-Mov.:N,劇場版 戦国BASARA -The Last Party-,2011,0,
4th-Mov.:G,劇場版 戦国BASARA -The Last Party-,2011,0,
5th-Mov.:O,劇場版 戦国BASARA -The Last Party-,2011,0,
6th-Mov.:K,劇場版 戦国BASARA -The Last Party-,2011,0,
7th-Mov.:U,劇場版 戦国BASARA -The Last Party-,2011,0,
Heaven's Door <Final Ver.>,劇場版 戦国BASARA -The Last Party-,2011,0,
BLAZE <Final Ver.>,劇場版 戦国BASARA -The Last Party-,2011,0,
Maou <Final Ver.>,劇場版 戦国BASARA -The Last Party-,2011,0,
the Edge oF a §WORD <Final Ver.>,劇場版 戦国BASARA -The Last Party-,2011,0,
Outtake弐-01,劇場版 戦国BASARA -The Last Party-,2011,0,
Outtake弐-02,劇場版 戦国BASARA -The Last Party-,2011,0,
Outtake弐-03,劇場版 戦国BASARA -The Last Party-,2011,0,
Outtake弐-04,劇場版 戦国BASARA -The Last Party-,2011,0,
Ver.,劇場版 戦国BASARA -The Last Party-,2011,0,
CR€SC∃NT,劇場版 戦国BASARA -The Last Party-,2011,0,小林未郁
CR€SC∃NT,劇場版 戦国BASARA -The Last Party-,2011,0,神棒尚史
Wild War Dance,劇場版 戦国BASARA -The Last Party-,2011,0,Aimee Blackschleger
The END ～Piano Medley for Listener～,劇場版 戦国BASARA -The Last Party-,2011,0,
祓魔師強奏曲 第一楽章：Me & Creed,青の祓魔師（第1期）,2011,0,小林未郁
祓魔師強奏曲 第二楽章：X,青の祓魔師（第1期）,2011,0,
祓魔師強奏曲 第三楽章：U & Cloud,青の祓魔師（第1期）,2011,0,
祓魔師強奏曲 第四楽章：D+T,青の祓魔師（第1期）,2011,0,
攻響組曲 DEVIL 第一楽章：D-Evil,青の祓魔師（第1期）,2011,0,
攻響組曲 DEVIL 第二楽章：i-AM,青の祓魔師（第1期）,2011,0,
攻響組曲 DEVIL 第三楽章：éXORCiST,青の祓魔師（第1期）,2011,0,
攻響組曲 DEVIL 第四楽章：sA†An,青の祓魔師（第1期）,2011,0,
AOE組曲 第一楽章：My☆,青の祓魔師（第1期）,2011,0,
AOE組曲 第二楽章：5P+3P,青の祓魔師（第1期）,2011,0,
AOE組曲 第三楽章：i9,青の祓魔師（第1期）,2011,0,
AOE組曲 第四楽章：AI,青の祓魔師（第1期）,2011,0,
交狂詩 GeHeNa 第一楽章：Mephistopheles,青の祓魔師（第1期）,2011,0,
交狂詩 GeHeNa 第二楽章：A-maimon,青の祓魔師（第1期）,2011,0,
交狂詩 GeHeNa 第三楽章：Hobgoblin→MASHOU,青の祓魔師（第1期）,2011,0,
アッシャー幻saw曲 第一楽章：Call me later,青の祓魔師（第1期）,2011,0,小林未郁
アッシャー幻saw曲 第二楽章：Tomorrow is another day,青の祓魔師（第1期）,2011,0,
アッシャー幻saw曲 第三楽章：die Himmlische Musik,青の祓魔師（第1期）,2011,0,井上優弥子
アッシャー幻saw曲 第三楽章：die Himmlische Musik,青の祓魔師（第1期）,2011,0,河合夕子
アッシャー幻saw曲 第三楽章：die Himmlische Musik,青の祓魔師（第1期）,2011,0,内田有
BGM的-suite 1st-Mov.：E戦場-Aria,青の祓魔師（第1期）,2011,0,
BGM的-suite 2nd-Mov.：Technology ORCH.,青の祓魔師（第1期）,2011,0,
BGM的-suite 3rd-Mov.：Hyou×（依+変）,青の祓魔師（第1期）,2011,0,
BGM的-suite 4th-Mov.：BOBOBOぼ〜ん,青の祓魔師（第1期）,2011,0,
IiMuRoYa-$.feat 1st-Mov.：M,青の祓魔師（第1期）,2011,0,
IiMuRoYa-$.feat 2nd-Mov.：CHaos+CHorus,青の祓魔師（第1期）,2011,0,
IiMuRoYa-$.feat 3rd-Mov.：HEiW@→KiZUN@,青の祓魔師（第1期）,2011,0,
IiMuRoYa-$.feat 4th-Mov.：N-tone,青の祓魔師（第1期）,2011,0,
日常用 de SUIT 1st-Mov.：銃剣兄弟GEKIBANger,青の祓魔師（第1期）,2011,0,
日常用 de SUIT 2nd-Mov.：銃剣兄弟GEKIBANger-Returns,青の祓魔師（第1期）,2011,0,
日常用 de SUIT 3rd-Mov.：銃剣兄弟GEKIBANger-Forever,青の祓魔師（第1期）,2011,0,
日常用 de SUIT 4th-Mov.：銃剣兄弟GEKIBANger-The Final,青の祓魔師（第1期）,2011,0,
交響$weet 1st-Mov.：st-RING,青の祓魔師（第1期）,2011,0,
交響$weet 2nd-Mov.：STN-blood,青の祓魔師（第1期）,2011,0,
交響$weet 3rd-Mov.：call ME,青の祓魔師（第1期）,2011,0,
交響$weet 4th-Mov.：f,青の祓魔師（第1期）,2011,0,
EGO,機動戦士ガンダムUC OST2,2011,0,小林未郁
DESTROY→SELF-SACRIFICE,機動戦士ガンダムUC OST2,2011,0,
MORE…,機動戦士ガンダムUC OST2,2011,0,
MAD-NUG,機動戦士ガンダムUC OST2,2011,0,
THE BATTLE,機動戦士ガンダムUC OST2,2011,0,
0001,機動戦士ガンダムUC OST2,2011,0,
SINANJU,機動戦士ガンダムUC OST2,2011,0,
MARTHA,機動戦士ガンダムUC OST2,2011,0,
0-G:EP1,機動戦士ガンダムUC OST2,2011,0,
CAPTURE,機動戦士ガンダムUC OST2,2011,0,
OYM-PF,機動戦士ガンダムUC OST2,2011,0,
F2,機動戦士ガンダムUC OST2,2011,0,
SILENT,機動戦士ガンダムUC OST2,2011,0,
DESERT,機動戦士ガンダムUC OST2,2011,0,
MOBILE SUIT <W-REC MIX>,機動戦士ガンダムUC OST2,2011,0,
MOBILE ARMOR,機動戦士ガンダムUC OST2,2011,0,
REMIND YOU,機動戦士ガンダムUC OST2,2011,0,小林未郁
DAGUZA,機動戦士ガンダムUC OST2,2011,0,
βίος,ギルティクラウン,2011,0,小林未郁
α,ギルティクラウン,2011,0,
Ω,ギルティクラウン,2011,0,
Ready to Go,ギルティクラウン,2011,0,David Whitaker
friends,ギルティクラウン,2011,0,mpi
VOiD,ギルティクラウン,2011,0,
gエ19,ギルティクラウン,2011,0,
θεοι,ギルティクラウン,2011,0,
close your eyes,ギルティクラウン,2011,0,本田みちよ
Βασιλευζ,ギルティクラウン,2011,0,
π,ギルティクラウン,2011,0,
Release My Soul,ギルティクラウン,2011,0,Aimee Blackschleger
κrOnё,ギルティクラウン,2011,0,
Hill Of Sorrow,ギルティクラウン,2011,0,mpi
Αποκσλυψιζ,ギルティクラウン,2011,0,
Home ～in this corner～,ギルティクラウン,2011,0,Leina
Genesi§,ギルティクラウン,2011,0,
βίος-δ,ギルティクラウン,2011,0,小林未郁
Rё∀L,ギルティクラウン,2011,0,Cyua
kEっ1000,GUILTY CROWN OST ANOTHER SIDE,2012,0,
Miss手リAs,GUILTY CROWN OST ANOTHER SIDE,2012,0,
刺U,GUILTY CROWN OST ANOTHER SIDE,2012,0,
血Con-儀,GUILTY CROWN OST ANOTHER SIDE,2012,0,Hiroaki Takeuchi
鎖スPen$,GUILTY CROWN OST ANOTHER SIDE,2012,0,
Oノ存ξ,GUILTY CROWN OST ANOTHER SIDE,2012,0,
Gエ19 (FullSize),GUILTY CROWN OST ANOTHER SIDE,2012,0,
Vぉ1℃→Ki母∪,GUILTY CROWN OST ANOTHER SIDE,2012,0,
美♂-K+＄タすpAd,GUILTY CROWN OST ANOTHER SIDE,2012,0,小林未郁
pF-AdLib I,GUILTY CROWN OST ANOTHER SIDE,2012,0,
gT→pF,GUILTY CROWN OST ANOTHER SIDE,2012,0,
pF-AdLib Ⅱ,GUILTY CROWN OST ANOTHER SIDE,2012,0,
fUE+p@D+hArP→pF,GUILTY CROWN OST ANOTHER SIDE,2012,0,
sT+hRN+tRB+tUba,GUILTY CROWN OST ANOTHER SIDE,2012,0,
pF-AdLib Ⅲ,GUILTY CROWN OST ANOTHER SIDE,2012,0,
1616,GUILTY CROWN OST ANOTHER SIDE,2012,0,
gT→sYnTH,GUILTY CROWN OST ANOTHER SIDE,2012,0,
pF-AdLib Ⅳ,GUILTY CROWN OST ANOTHER SIDE,2012,0,
Egg,GUILTY CROWN OST ANOTHER SIDE,2012,0,
Garilic,GUILTY CROWN OST ANOTHER SIDE,2012,0,
Olibe Oil,GUILTY CROWN OST ANOTHER SIDE,2012,0,
Idaho Potato,GUILTY CROWN OST ANOTHER SIDE,2012,0,
Salt,GUILTY CROWN OST ANOTHER SIDE,2012,0,Hiroaki Takeuchi
Tamanegi,GUILTY CROWN OST ANOTHER SIDE,2012,0,
zai,推定有罪,2012,0,Cyua
推,推定有罪,2012,0,
tei,推定有罪,2012,0,
有,推定有罪,2012,0,
SYMPHONIC SUITE “UC2012”] 1ST MOV.:BANSHEE,機動戦士ガンダムUC OST3,2012,0,
[SYMPHONIC SUITE “UC2012”] 2ND MOV.:PSYCHO-FIELD,機動戦士ガンダムUC OST3,2012,0,
[SYMPHONIC SUITE “UC2012”] 3RD MOV.:ANGELO,機動戦士ガンダムUC OST3,2012,0,
[SYMPHONIC SUITE “UC2012”] 4TH MOV.:NEO ZEON,機動戦士ガンダムUC OST3,2012,0,
［SYMPHONIC SUITE “UC2012”］ 5TH MOV.:GUNDAM,機動戦士ガンダムUC OST3,2012,0,
RIDDHE,機動戦士ガンダムUC OST3,2012,0,
MINOVSKY PARTICLE,機動戦士ガンダムUC OST3,2012,0,
SYMPATHY,機動戦士ガンダムUC OST3,2012,0,
RED COMET,機動戦士ガンダムUC OST3,2012,0,
AUDREY,機動戦士ガンダムUC OST3,2012,0,
PIANO UC-NO.1,機動戦士ガンダムUC OST3,2012,0,
PIANO UC-NO.2,機動戦士ガンダムUC OST3,2012,0,
PIANO UC-NO.3,機動戦士ガンダムUC OST3,2012,0,
祝・映画化!!,青の祓魔師 ―劇場版―,2012,0,
祝・1000M!!,青の祓魔師 ―劇場版―,2012,0,
Battle Scars,青の祓魔師 ―劇場版―,2012,0,David Whitaker
ニ・カズ・シオ・ハ・チュウ・エイ・ウ・ジョ,青の祓魔師 ―劇場版―,2012,0,
に・ふおは・げん・でん・の・い・たい・け,青の祓魔師 ―劇場版―,2012,0,
20121228,青の祓魔師 ―劇場版―,2012,0,
MATSURI,青の祓魔師 ―劇場版―,2012,0,
En/Kin/Nai/Kan/Sin/Ki/Ei/Satsu,青の祓魔師 ―劇場版―,2012,0,
I←Na←Ra←Ke←Ha←Ki←Se←No←E←Ma,青の祓魔師 ―劇場版―,2012,0,
KEKKAI,青の祓魔師 ―劇場版―,2012,0,
COAL TAR,青の祓魔師 ―劇場版―,2012,0,
BLUE,青の祓魔師 ―劇場版―,2012,0,
USA-麻呂,青の祓魔師 ―劇場版―,2012,0,
TVおうったけ,青の祓魔師 ―劇場版―,2012,0,
AcE & ArMs,澤野弘之 NHK WORKS,2013,0,
AnALySiS,澤野弘之 NHK WORKS,2013,0,
AThLeTe,澤野弘之 NHK WORKS,2013,0,
AdVANcE,澤野弘之 NHK WORKS,2013,0,
ANxiEtY,澤野弘之 NHK WORKS,2013,0,
The Moment of Dreams,澤野弘之 NHK WORKS,2013,0,関山藍果
WiLL,澤野弘之 NHK WORKS,2013,0,
Black & Blue Room,澤野弘之 NHK WORKS,2013,0,
Well,澤野弘之 NHK WORKS,2013,0,
サイエンスZERO オープニングテーマ,澤野弘之 NHK WORKS,2013,0,
サイエンスZERO2012 オープニングテーマ,澤野弘之 NHK WORKS,2013,0,
サイエンスZERO エンディングテーマ,澤野弘之 NHK WORKS,2013,0,
サイエンスZERO2012 エンディングテーマ,澤野弘之 NHK WORKS,2013,0,
itsuka,澤野弘之 NHK WORKS,2013,0,
itsuka-Gt,澤野弘之 NHK WORKS,2013,0,
itsuka-VnPf,澤野弘之 NHK WORKS,2013,0,
AcE <pF vEr.>,澤野弘之 NHK WORKS,2013,0,
WiLL:piano,澤野弘之 NHK WORKS,2013,0,
ScienceZero <Piano Arrange>,澤野弘之 NHK WORKS,2013,0,
itsuka-Pf,澤野弘之 NHK WORKS,2013,0,
Dβ,プラチナデータ,2013,0,
α≠a,プラチナデータ,2013,0,小林未郁
Δ→N←＠,プラチナデータ,2013,0,
k:100％-ë:0％,プラチナデータ,2013,0,
[@$αM∀],プラチナデータ,2013,0,
f‐手,プラチナデータ,2013,0,
k←PC,プラチナデータ,2013,0,
mo‐gUrU,プラチナデータ,2013,0,
nf壱Ⅲ,プラチナデータ,2013,0,
K⇔R,プラチナデータ,2013,0,
PLAT in α,プラチナデータ,2013,0,
無垢,プラチナデータ,2013,0,
ət'æk 0N tάɪtn,進撃の巨人（第1期）,2013,0,小林未郁
The Reluctant Heroes,進撃の巨人（第1期）,2013,0,mpi
eye-water,進撃の巨人（第1期）,2013,0,
立body機motion,進撃の巨人（第1期）,2013,0,
cóunter・attàck-mˈænkάɪnd,進撃の巨人（第1期）,2013,0,
army⇒G♂,進撃の巨人（第1期）,2013,0,
Vogel im Käfig,進撃の巨人（第1期）,2013,0,Cyua
DOA,進撃の巨人（第1期）,2013,0,Aimee Blackschleger
凸】♀】♂】←巨人,進撃の巨人（第1期）,2013,0,
E・M・A,進撃の巨人（第1期）,2013,0,
巨♀～9地区,進撃の巨人（第1期）,2013,0,
Bauklötze,進撃の巨人（第1期）,2013,0,小林未郁
2chi城,進撃の巨人（第1期）,2013,0,
XL-TT,進撃の巨人（第1期）,2013,0,
Call your name,進撃の巨人（第1期）,2013,0,mpi
Call your name,進撃の巨人（第1期）,2013,0,CASG(Caramel Apple Sound Gadget)
omake-pfadlib,進撃の巨人（第1期）,2013,0,
Battle Scars <Plugless Version>,青の祓魔師 Plugless,2013,0,David Whitaker
Me & Creed <Lite-Tone-Happy部 3:な>,青の祓魔師 Plugless,2013,0,小林未郁
D-Evil <正10時楽団 Played>,青の祓魔師 Plugless,2013,0,
KEKKAI <闘質30%CUT>,青の祓魔師 Plugless,2013,0,
My☆ <Un-Pluglessです>,青の祓魔師 Plugless,2013,0,
MATSURI <朝臭珍丼屋 V>,青の祓魔師 Plugless,2013,0,
Too Late To Say,青の祓魔師 Plugless,2013,0,Sayulee
f <pfs>,青の祓魔師 Plugless,2013,0,
U & Cloud <simpledess>,青の祓魔師 Plugless,2013,0,
Call me later <nZk Plugless>,青の祓魔師 Plugless,2013,0,小林未郁
éXORCiST <cal off arr.>,青の祓魔師 Plugless,2013,0,
BLUE <pfs>,青の祓魔師 Plugless,2013,0,
Me & Creed <Slow Ver>,青の祓魔師 Plugless,2013,0,小林未郁
Battle Scars,青の祓魔師 Plugless,2013,0,David Whitaker
Me & Creed,青の祓魔師 Plugless,2013,0,小林未郁
D+T,青の祓魔師 Plugless,2013,0,
MATSURI,青の祓魔師 Plugless,2013,0,
HEiW@→KiZUN@,青の祓魔師 Plugless,2013,0,
Mephistopheles,青の祓魔師 Plugless,2013,0,
ニ・カズ・シオ・ハ・チュウ・エイ・ウ・ジョ,青の祓魔師 Plugless,2013,0,
M,青の祓魔師 Plugless,2013,0,
f,青の祓魔師 Plugless,2013,0,
U & Cloud,青の祓魔師 Plugless,2013,0,
BLUE,青の祓魔師 Plugless,2013,0,
Call me later,青の祓魔師 Plugless,2013,0,小林未郁
i-AM,青の祓魔師 Plugless,2013,0,
LINK01BPM130KINPAKU,LINK,2013,0,
LINK03BPM71THEME,LINK,2013,0,
LINK02BPM97SUSPENSE,LINK,2013,0,
LINK04BPM96THEME2,LINK,2013,0,
LINK07BPM85SUSPENSE,LINK,2013,0,
LINK05BPM96(6/8)KODOKU,LINK,2013,0,
LINK08BPM70SUSPENSE,LINK,2013,0,
LINK06BPM61THEME-STRINGS,LINK,2013,0,
LINK09BPM?VERSION,LINK,2013,0,
LINK10BPMFREEPFADLIB,LINK,2013,0,
進撃st-hrn-egt20130629巨人,進撃の巨人 OST2,2013,0,
進撃pf20130218巨人,進撃の巨人 OST2,2013,0,
進撃gt20130218巨人,進撃の巨人 OST2,2013,0,
進撃st-hrn-gt-pf20130629巨人,進撃の巨人 OST2,2013,0,
進撃vc-pf20130218巨人,進撃の巨人 OST2,2013,0,
進撃vn-pf20130524巨人,進撃の巨人 OST2,2013,0,
進撃pf-adlib-b20130218巨人,進撃の巨人 OST2,2013,0,
進撃st20130629巨人,進撃の巨人 OST2,2013,0,
進撃pf-adlib-c20130218巨人,進撃の巨人 OST2,2013,0,
進撃st-hrn-gt20130629巨人,進撃の巨人 OST2,2013,0,
進撃pf-medley20130629巨人,進撃の巨人 OST2,2013,0,
Before my body is dry,キルラキル,2013,0,小林未郁
Before my body is dry,キルラキル,2013,0,David Whitaker
goriLLA蛇L,キルラキル,2013,0,
犬Kあ３L,キルラキル,2013,0,
Blumenkranz,キルラキル,2013,0,Cyua
AdラLib,キルラキル,2013,0,
鬼龍G@キLL,キルラキル,2013,0,
KILL7la切ル,キルラキル,2013,0,
Suck your blood,キルラキル,2013,0,Benjamin Anderson
Suck your blood,キルラキル,2013,0,mpi
Kiっ9=KELL,キルラキル,2013,0,
k1ll◎iLL,キルラキル,2013,0,
Light your heart up,キルラキル,2013,0,Aimee Blackschleger
昼裸lilL♪,キルラキル,2013,0,
斬LLLア生LL,キルラキル,2013,0,
キ龍ha着LL,キルラキル,2013,0,
I want to know,キルラキル,2013,0,Benjamin Anderson
寝LLna聴9,キルラキル,2013,0,
Kiる厭KiLL,キルラキル,2013,0,
Till I Die,キルラキル,2013,0,CASG(Caramel Apple Sound Gadget)
Before my body is dry: [nZk] ver.,キルラキル,2013,0,小林未郁
Blumenkranz : [nZk]ver.,キルラキル,2013,0,Cyua
Suck your blood : [nZk]ver.,キルラキル,2013,0,Benjamin Anderson
Suck your blood : [nZk]ver.,キルラキル,2013,0,mpi
Light your heart up : [nZk]ver.,キルラキル,2013,0,Aimee Blackschleger
Till I Die : [nZk]ver.,キルラキル,2013,0,CASG(Caramel Apple Sound Gadget)
Before my body is dry: [nZk] ver.<INST>,キルラキル,2013,0,
Blumenkranz : [nZk]ver.<INST>,キルラキル,2013,0,
Suck your blood : [nZk]ver.<INST>,キルラキル,2013,0,
Light your heart up : [nZk]ver.<INST>,キルラキル,2013,0,
Till I Die : [nZk]ver.<INST>,キルラキル,2013,0,
劇伴特化型1☆極★服,キルラキル,2013,0,
リズム強化型2☆極★服,キルラキル,2013,0,
日常劇場型3☆極★服,キルラキル,2013,0,
服着豚型4☆極★服,キルラキル,2013,0,
名付扇子0型5☆極★服,キルラキル,2013,0,
追加発注型6☆極★服,キルラキル,2013,0,
背景敬具型7☆極★服,キルラキル,2013,0,
MT変装型8☆極★服,キルラキル,2013,0,
多分裸SBOSS-型9☆極★服,キルラキル,2013,0,
前半再収録型10☆極★服,キルラキル,2013,0,
追加再収録型11☆極★服,キルラキル,2013,0,
重要物発行強調型12☆極★服,キルラキル,2013,0,
Before my body is dry <空OK>,キルラキル,2013,0,
Suck your blood <空OK>,キルラキル,2013,0,
Blumenkranz <空OK>,キルラキル,2013,0,
Light your heart up <空OK>,キルラキル,2013,0,
I want to know <空OK>,キルラキル,2013,0,
Till I Die <空OK>,キルラキル,2013,0,
1stMob. :20090522or0331 (SYMPHONIC-MOBILE SUITE[UC]),機動戦士ガンダムUC OST4,2014,0,
2ndMob. :MSGUCEP7 (SYMPHONIC-MOBILE SUITE[UC]),機動戦士ガンダムUC OST4,2014,0,
3rdMob. :RE:I AM MARIE (SYMPHONIC-MOBILE SUITE[UC]),機動戦士ガンダムUC OST4,2014,0,
4thMob. :νTYPE-OYM (SYMPHONIC-MOBILE SUITE[UC]),機動戦士ガンダムUC OST4,2014,0,
5thMob. :UXO-→RX0 (SYMPHONIC-MOBILE SUITE[UC]),機動戦士ガンダムUC OST4,2014,0,
6thMob. :UNICORN GUNDAM (SYMPHONIC-MOBILE SUITE[UC]),機動戦士ガンダムUC OST4,2014,0,
7thMob. :20140517 (SYMPHONIC-MOBILE SUITE[UC]),機動戦士ガンダムUC OST4,2014,0,
8thMob. :BEGINNING <ORCH-VER> (SYMPHONIC-MOBILE SUITE[UC]),機動戦士ガンダムUC OST4,2014,0,
9thMob. :流星のナミダ <ORCH-VER> (SYMPHONIC-MOBILE SUITE[UC]),機動戦士ガンダムUC OST4,2014,0,小林未郁
EGO <nZk Ver.> (B-TRACK),機動戦士ガンダムUC OST4,2014,0,小林未郁
A LETTER <nZk Ver.> (B-TRACK),機動戦士ガンダムUC OST4,2014,0,Cyua
Sternengesang (B-TRACK),機動戦士ガンダムUC OST4,2014,0,Cyua
PM-20:10→20:14 (B-TRACK),機動戦士ガンダムUC OST4,2014,0,
ZERO GRAVITY,機動戦士ガンダムUC OST4,2014,0,
MOBILE SUIT <W-REC MIX>,機動戦士ガンダムUC OST4,2014,0,
THE BATTLE,機動戦士ガンダムUC OST4,2014,0,
ON YOUR MARK,機動戦士ガンダムUC OST4,2014,0,
BANSHEE,機動戦士ガンダムUC OST4,2014,0,
FULL-FRONTAL,機動戦士ガンダムUC OST4,2014,0,
DESTROY→SELF-SACRIFICE,機動戦士ガンダムUC OST4,2014,0,
RX-0,機動戦士ガンダムUC OST4,2014,0,
PSYCHO-FIELD,機動戦士ガンダムUC OST4,2014,0,
E.F.S.F.,機動戦士ガンダムUC OST4,2014,0,
MOBILE ARMOR,機動戦士ガンダムUC OST4,2014,0,
LAPLACE,機動戦士ガンダムUC OST4,2014,0,
THE UNIVERS,機動戦士ガンダムUC OST4,2014,0,
ANGELO,機動戦士ガンダムUC OST4,2014,0,
U.C.0096,機動戦士ガンダムUC OST4,2014,0,
MAD-NUG,機動戦士ガンダムUC OST4,2014,0,
GUNDAM,機動戦士ガンダムUC OST4,2014,0,
UNICORN,機動戦士ガンダムUC OST4,2014,0,
UnChild,UnChild,2014,0,
StarRingChild - English ver.,UnChild,2014,0,
A LETTER,UnChild,2014,0,
Destiny,UnChild,2014,0,
But still…,UnChild,2014,0,
Just say good bye,UnChild,2014,0,
Next 2 U,UnChild,2014,0,
bL∞dy f8,UnChild,2014,0,
REMIND YOU,UnChild,2014,0,
EGO,UnChild,2014,0,
Because we are tiny in this world,UnChild,2014,0,
RE:I AM - English ver.,UnChild,2014,0,
No differences,アルドノア・ゼロ（第1クール）,2014,0,Aimee Blackschleger
AZPV,アルドノア・ゼロ（第1クール）,2014,0,
A-0picturez,アルドノア・ゼロ（第1クール）,2014,0,
MKAlieZ,アルドノア・ゼロ（第1クール）,2014,0,小林未郁
2零14zero91零,アルドノア・ゼロ（第1クール）,2014,0,
アZ-Kat,アルドノア・ゼロ（第1クール）,2014,0,
悲scene,アルドノア・ゼロ（第1クール）,2014,0,
AD2014-7.5/7.9-零・A,アルドノア・ゼロ（第1クール）,2014,0,
AL℃-＠,アルドノア・ゼロ（第1クール）,2014,0,Cyua
The Call to Arms,アルドノア・ゼロ（第1クール）,2014,0,mpi
十61yard,アルドノア・ゼロ（第1クール）,2014,0,
FIRE★,アルドノア・ゼロ（第1クール）,2014,0,
R零B零T,アルドノア・ゼロ（第1クール）,2014,0,
SiTE-n0w1,アルドノア・ゼロ（第1クール）,2014,0,
al-door0,アルドノア・ゼロ（第1クール）,2014,0,
Ver$,アルドノア・ゼロ（第1クール）,2014,0,
aズ-17歩,アルドノア・ゼロ（第1クール）,2014,0,
Ch19ヲFIRE★,アルドノア・ゼロ（第1クール）,2014,0,
AcyOrt,アルドノア・ゼロ（第1クール）,2014,0,
BRE@TH//LESS,アルドノア・ゼロ（第1クール）,2014,0,小林未郁
No differences <a0v>,アルドノア・ゼロ（第1クール）,2014,0,Aimee Blackschleger
The Call to Arms <a0v>,アルドノア・ゼロ（第1クール）,2014,0,mpi
BRE@TH//LESS <a0v>,アルドノア・ゼロ（第1クール）,2014,0,小林未郁
MKAlieZ <a0v>,アルドノア・ゼロ（第1クール）,2014,0,小林未郁
No differences <a0v> -Instrumental-,アルドノア・ゼロ（第1クール）,2014,0,
The Call to Arms <a0v> -Instrumental-,アルドノア・ゼロ（第1クール）,2014,0,
BRE@TH//LESS <a0v> -Instrumental-,アルドノア・ゼロ（第1クール）,2014,0,
[nZk],A/Z｜aLIEz,2014,1,v[nZk]v
A/Z,A/Z｜aLIEz,2014,1,mizuki
aLIEz,A/Z｜aLIEz,2014,1,mizuki
Keep on keeping on,A/Z｜aLIEz,2014,1,mizuki
A LETTER,機動戦士ガンダムUC COMPLETE BEST,2014,0,Cyua
LICHT MEER,機動戦士ガンダムUC COMPLETE BEST,2014,0,井上優弥子
LICHT MEER,機動戦士ガンダムUC COMPLETE BEST,2014,0,河合夕子
EGO,機動戦士ガンダムUC COMPLETE BEST,2014,0,小林未郁
REMIND YOU,機動戦士ガンダムUC COMPLETE BEST,2014,0,小林未郁
RE:I AM,機動戦士ガンダムUC COMPLETE BEST,2014,0,Aimer
Sternengesang,機動戦士ガンダムUC COMPLETE BEST,2014,0,Cyua
StarRingChild,機動戦士ガンダムUC COMPLETE BEST,2014,0,Aimer
YAMANAIAME,YAMANAIAME,2014,0,Mica Caldito
YAMANAIAME,YAMANAIAME,2014,0,mpi
YAMANAIAME,YAMANAIAME,2014,0,小林未郁
So ist es immer,YAMANAIAME,2014,0,Benjamin
The Reluctant Heroes <MODv>,YAMANAIAME,2014,0,Mica Caldito
YAMANAIAME <MovieEdit>,YAMANAIAME,2014,0,Mica Caldito
YAMANAIAME <MovieEdit>,YAMANAIAME,2014,0,mpi
YAMANAIAME <MovieEdit>,YAMANAIAME,2014,0,小林未郁
YAMANAIAME (Instrumental),YAMANAIAME,2014,0,
So ist es immer (Instrumental),YAMANAIAME,2014,0,
The Reluctant Heroes <MODv> (Instrumental),YAMANAIAME,2014,0,
ət'æk 0N tάɪtn <3Tv>,進撃の巨人展,2014,0,小林未郁
Call your name <MODv>,進撃の巨人展,2014,0,mpi
Call your name <MODv>,進撃の巨人展,2014,0,CASG(Caramel Apple Sound Gadget)
independent奇sayKISS,進撃の巨人展,2014,0,
ət'æk 0N tάɪtn <3Tv> (instrumental),進撃の巨人展,2014,0,
Call your name <MODv> (instrumental),進撃の巨人展,2014,0,
Perfect Time,七つの大罪（第1期）,2014,0,mpi
Perfect Time,七つの大罪（第1期）,2014,0,小林未郁
7角：the1,七つの大罪（第1期）,2014,0,
銅鑼Gong4N,七つの大罪（第1期）,2014,0,
dEvilGODfamily復活動,七つの大罪（第1期）,2014,0,
世紀4,七つの大罪（第1期）,2014,0,
YoSay&B→A,七つの大罪（第1期）,2014,0,
广2tree02 ネ日｜-血,七つの大罪（第1期）,2014,0,
KAN594,七つの大罪（第1期）,2014,0,
Eri0ne$,七つの大罪（第1期）,2014,0,
駄メ男rIs,七つの大罪（第1期）,2014,0,
EP←K,七つの大罪（第1期）,2014,0,
Deerン怒&過多6-$,七つの大罪（第1期）,2014,0,
mouth×宣華 ○2LI,七つの大罪（第1期）,2014,0,
OH92&HrBrM,七つの大罪（第1期）,2014,0,
GR雷,七つの大罪（第1期）,2014,0,
らゲ-sin,七つの大罪（第1期）,2014,0,
Big罪罪罪罪罪罪罪,七つの大罪（第1期）,2014,0,
βίος,BEST OF VOCAL WORKS [nZk],2015,0,小林未郁
The Reluctant Heroes,BEST OF VOCAL WORKS [nZk],2015,0,mpi
Battle Scars,BEST OF VOCAL WORKS [nZk],2015,0,David Whitaker
Wild War Dance,BEST OF VOCAL WORKS [nZk],2015,0,Aimer Blackschleger
Blumenkranz,BEST OF VOCAL WORKS [nZk],2015,0,Cyua
EGO,BEST OF VOCAL WORKS [nZk],2015,0,小林未郁
Hill Of Sorrow,BEST OF VOCAL WORKS [nZk],2015,0,mpi
Me & Creed,BEST OF VOCAL WORKS [nZk],2015,0,小林未郁
Till I Die,BEST OF VOCAL WORKS [nZk],2015,0,CASG(Caramel Apple Sound Gadget)
Ready to Go,BEST OF VOCAL WORKS [nZk],2015,0,David Whitaker
Light your heart up,BEST OF VOCAL WORKS [nZk],2015,0,Aimer Blackschleger
friends,BEST OF VOCAL WORKS [nZk],2015,0,mpi
Rё∀L,BEST OF VOCAL WORKS [nZk],2015,0,Cyua
Call me later <nZk Plugless>,BEST OF VOCAL WORKS [nZk],2015,0,小林未郁
Suck your blood,BEST OF VOCAL WORKS [nZk],2015,0,mpi
Suck your blood,BEST OF VOCAL WORKS [nZk],2015,0,Benjamin Anderson
DOA,BEST OF VOCAL WORKS [nZk],2015,0,Aimee Blackschleger
Before my body is dry,BEST OF VOCAL WORKS [nZk],2015,0,小林未郁
Before my body is dry,BEST OF VOCAL WORKS [nZk],2015,0,David Whitaker
RE:I AM,BEST OF VOCAL WORKS [nZk],2015,0,Aimer
A/Z,BEST OF VOCAL WORKS [nZk],2015,1,mizuki
&Z,&Z,2015,1,mizuki
0.vers,&Z,2015,1,mizuki
No differences [nZk ver.],&Z,2015,1,mizuki
aLIEz [mZk ver.],&Z,2015,1,mizuki
&Z（TV size）,&Z,2015,0,
&Z（TV side -English ver.-）,&Z,2015,0,
&Z（instrumental）,&Z,2015,0,
ymniam-MKorch,進撃の巨人 劇場版前編OST,2015,0,小林未郁
ymniam-orch,進撃の巨人 劇場版前編OST,2015,0,
EMAymniam,進撃の巨人 劇場版前編OST,2015,0,
YAMANAIAME <MovieEdit>,進撃の巨人 劇場版前編OST,2015,0,Mica Caldito
YAMANAIAME <MovieEdit>,進撃の巨人 劇場版前編OST,2015,0,mpi
YAMANAIAME <MovieEdit>,進撃の巨人 劇場版前編OST,2015,0,小林未郁
aldnoah0rch-&z,アルドノア・ゼロ OST2,2015,0,
aldnoah0rch-aCY0rt,アルドノア・ゼロ OST2,2015,0,
aldnoah0rch-4rain,アルドノア・ゼロ OST2,2015,0,
aldnoah0rch-@0p,アルドノア・ゼロ OST2,2015,0,
aldnoah0rch-adlib,アルドノア・ゼロ OST2,2015,0,
birth･gt･music,アルドノア・ゼロ OST2,2015,0,
battle･game･music,アルドノア・ゼロ OST2,2015,0,
bpm･gain･mute,アルドノア・ゼロ OST2,2015,0,
haondla-orez1,アルドノア・ゼロ OST2,2015,0,
haondla-orez2,アルドノア・ゼロ OST2,2015,0,
haondla-orez3,アルドノア・ゼロ OST2,2015,0,
haondla-orez4,アルドノア・ゼロ OST2,2015,0,
a/z-p1@n0:5罪vers,アルドノア・ゼロ OST2,2015,0,
a/z-p1@n0:adlib1,アルドノア・ゼロ OST2,2015,0,
a/z-p1@n0:adlib2,アルドノア・ゼロ OST2,2015,0,
a/z-p1@n0:adlib3,アルドノア・ゼロ OST2,2015,0,
Harmonious,アルドノア・ゼロ OST2,2015,0,アセイラム・ヴァース・アリューシア(雨宮天)
Arthur,七つの大罪 OST2,2015,0,
A Peaceful Day,七つの大罪 OST2,2015,0,
DG4-1:罪,七つの大罪 OST2,2015,0,
PT-2:罪,七つの大罪 OST2,2015,0,
E0$-3:罪,七つの大罪 OST2,2015,0,
9雷&セ2内-4:罪,七つの大罪 OST2,2015,0,
DAN-5:罪,七つの大罪 OST2,2015,0,
pfAD-6:罪,七つの大罪 OST2,2015,0,
RGS-7:罪,七つの大罪 OST2,2015,0,
K&B-8:罪,七つの大罪 OST2,2015,0,
PT-9:罪,七つの大罪 OST2,2015,0,
pfAD-10:罪,七つの大罪 OST2,2015,0,
pfpercAD11:罪,七つの大罪 OST2,2015,0,
PT&E0$-12:罪,七つの大罪 OST2,2015,0,
pfAD-13:罪,七つの大罪 OST2,2015,0,
DAN-14:罪,七つの大罪 OST2,2015,0,
pfAD-15:罪,七つの大罪 OST2,2015,0,
PT-16:罪,七つの大罪 OST2,2015,0,
E0$-17:罪,七つの大罪 OST2,2015,0,
Perfect Time <再arr>,七つの大罪 OST2,2015,0,mpi
Perfect Time <再arr>,七つの大罪 OST2,2015,0,小林未郁
希空～まれぞら～,まれ,2015,0,
MWp,まれ,2015,0,
THANKS,まれ,2015,0,
mio MARE,まれ,2015,0,CASG(Caramel Apple Sound Gadget)
BECAUSE,まれ,2015,0,小林未郁
Mt氏,まれ,2015,0,
Blume im Meer,まれ,2015,0,Cyua
AM8,まれ,2015,0,
Otto64,まれ,2015,0,
Song of..,まれ,2015,0,小林未郁
Song of..,まれ,2015,0,Aimee Blackschleger
Song of..,まれ,2015,0,mpi
ERAM,まれ,2015,0,
FMD,まれ,2015,0,
The Best for You,まれ,2015,0,mpi
ROtu9中,まれ,2015,0,
n48,まれ,2015,0,
Because of you,まれ,2015,0,Aimee Blackschleger
Pfsignal,まれ,2015,0,
ⅠⅡⅢⅣ,まれ,2015,0,
4D,まれ,2015,0,
Grey to Blue,まれ,2015,0,小林未郁
希空～まれぞら～<火-土v>,まれ,2015,0,
21加theme1,まれ,2015,0,
4D<v2>,まれ,2015,0,
MWp2,まれ,2015,0,
Be2Arr1,まれ,2015,0,
21加theme2,まれ,2015,0,
Be2Arr2,まれ,2015,0,
M過夕2-1,まれ,2015,0,
M過夕2-2,まれ,2015,0,
21加theme3,まれ,2015,0,
marerib,まれ,2015,0,
cry漢字,まれ,2015,0,
横浜-BIGMAN,まれ,2015,0,
Be2Arr3,まれ,2015,0,
Be2Arr4,まれ,2015,0,
parararan,まれ,2015,0,槇みちる
21加theme4,まれ,2015,0,
Pfmare1,まれ,2015,0,
Pfmare2,まれ,2015,0,
Pfmare3,まれ,2015,0,
希空～まれぞら～<LongVer>,まれ,2015,0,
SYNRM,まれ,2015,0,
crythanks,まれ,2015,0,
IMガWN,まれ,2015,0,
MDga0018中,まれ,2015,0,
MVNPF1,まれ,2015,0,
07時478中,まれ,2015,0,
8RU十4HAっPoh!,まれ,2015,0,
MPF1,まれ,2015,0,
S～SYNRM,まれ,2015,0,
MVNPF2,まれ,2015,0,
13-Night8中3,まれ,2015,0,
MdeSYNRM1,まれ,2015,0,
MPF2,まれ,2015,0,
MPF3,まれ,2015,0,
MPF4,まれ,2015,0,
希空～まれぞら～<CastVer1>,まれ,2015,0,
希空～まれぞら～<CastVer2>,まれ,2015,0,
希空～まれぞら～<LongVer-Inst>,まれ,2015,0,
また会おう<OrchestraVer>,まれ,2015,0,
X.U.,X.U.｜scaPEGoat,2015,1,Gemie
scaPEGoat,X.U.｜scaPEGoat,2015,1,Yosh
INSANITY LOVE,X.U.｜scaPEGoat,2015,1,mica
X.U.（TV size）,X.U.｜scaPEGoat,2015,0,
scaPEGoat（TV size）,X.U.｜scaPEGoat,2015,0,
X.U.（instrumental）,X.U.｜scaPEGoat,2015,0,
scaPEGoat（instrumental）,X.U.｜scaPEGoat,2015,0,
theDOGS,theDOGS,2015,0,mpi
YAMANAIAME <FMv>,theDOGS,2015,0,Mica Caldito
TheWeightOfLives,theDOGS,2015,0,
theDOGS (Instrumental),theDOGS,2015,0,
YAMANAIAME <FMV> (Instrumental),theDOGS,2015,0,
[A]pa-t,終わりのセラフ（第1クール）,2015,0,
1hundredknight:Y,終わりのセラフ（第1クール）,2015,0,
pfSOTEad1,終わりのセラフ（第1クール）,2015,0,
1hundredknight:M,終わりのセラフ（第1クール）,2015,0,
pfSOTEad2,終わりのセラフ（第1クール）,2015,0,
OneZeroEight,終わりのセラフ（第1クール）,2015,0,
［B］pa-t,終わりのセラフ（第1クール）,2015,0,
pfSOTEad3,終わりのセラフ（第1クール）,2015,0,
108,終わりのセラフ（第1クール）,2015,0,mpi
108,終わりのセラフ（第1クール）,2015,0,小林未郁
9BL00d鬼,終わりのセラフ（第1クール）,2015,0,
SOTE,終わりのセラフ（第1クール）,2015,0,
ToBeContinued..,終わりのセラフ（第1クール）,2015,0,小林未郁
BLUE DRAGON <'07 Ver.>,BEST OF SOUNDTRACK【emU】,2015,0,
81DIVER,BEST OF SOUNDTRACK【emU】,2015,0,
LiVE/EViL,BEST OF SOUNDTRACK【emU】,2015,0,
from sunset to sunrise,BEST OF SOUNDTRACK【emU】,2015,0,
MARKS,BEST OF SOUNDTRACK【emU】,2015,0,
80$$,BEST OF SOUNDTRACK【emU】,2015,0,
PRISONER,BEST OF SOUNDTRACK【emU】,2015,0,
Climb to the Top,BEST OF SOUNDTRACK【emU】,2015,0,
Tang,BEST OF SOUNDTRACK【emU】,2015,0,
α≠a,BEST OF SOUNDTRACK【emU】,2015,0,小林未郁
Back to the Starting Point,BEST OF SOUNDTRACK【emU】,2015,0,
BLOOD oF thE DRAGON,BEST OF SOUNDTRACK【emU】,2015,0,
musica,BEST OF SOUNDTRACK【emU】,2015,0,
motherhood ～me＆my mom～ <Vocal ver.>,BEST OF SOUNDTRACK【emU】,2015,0,関山藍果
tragedy,BEST OF SOUNDTRACK【emU】,2015,0,
Grey to Blue,BEST OF SOUNDTRACK【emU】,2015,0,小林未郁
FUNK PUNKY MONKEY,BEST OF SOUNDTRACK【emU】,2015,0,
HONEST,BEST OF SOUNDTRACK【emU】,2015,0,
DRAGON RISES,BEST OF SOUNDTRACK【emU】,2015,0,
MAIN THEME,BEST OF SOUNDTRACK【emU】,2015,0,
BLAZE［ZERO-TWO Ver.］,BEST OF SOUNDTRACK【emU】,2015,0,
ət'æk 0N tάɪtn,BEST OF SOUNDTRACK【emU】,2015,0,小林未郁
fiore,BEST OF SOUNDTRACK【emU】,2015,0,Cyua
U ＆ Cloud,BEST OF SOUNDTRACK【emU】,2015,0,
Ω,BEST OF SOUNDTRACK【emU】,2015,0,
ON YOUR MARK,BEST OF SOUNDTRACK【emU】,2015,0,
Perfect Time,BEST OF SOUNDTRACK【emU】,2015,0,mpi
Perfect Time,BEST OF SOUNDTRACK【emU】,2015,0,小林未郁
i-AM,BEST OF SOUNDTRACK【emU】,2015,0,
鬼龍G@キLL,BEST OF SOUNDTRACK【emU】,2015,0,
Big Break,BEST OF SOUNDTRACK【emU】,2015,0,
zai,BEST OF SOUNDTRACK【emU】,2015,0,Cyua
This is a Fight to Change the World,BEST OF SOUNDTRACK【emU】,2015,0,小林未郁
1st-Mov.：S,BEST OF SOUNDTRACK【emU】,2015,0,
BLUE,BEST OF SOUNDTRACK【emU】,2015,0,
BRE@TH//LESS,BEST OF SOUNDTRACK【emU】,2015,0,小林未郁
UNICORN,BEST OF SOUNDTRACK【emU】,2015,0,
Missing Piece,BEST OF SOUNDTRACK【emU】,2015,0,mpi
Aesthetic <【emU】ver.>,BEST OF SOUNDTRACK【emU】,2015,0,Jannine Weigel
PF-【emU】1,BEST OF SOUNDTRACK【emU】,2015,0,
PF-【emU】2,BEST OF SOUNDTRACK【emU】,2015,0,
3594εMT,BEST OF SOUNDTRACK【emU】,2015,0,小林未郁
ThreeFiveNineFourε,BEST OF SOUNDTRACK【emU】,2015,0,小林未郁
[nZk]o1,o1,2015,1,v[nZk]v
Pretenders,o1,2015,1,mica
Pretenders,o1,2015,1,Gemie
X.U.,o1,2015,0,
A/Z,o1,2015,0,
scaPEGoat,o1,2015,0,
oI,o1,2015,1,mizuki
Song of ..<AM>,o1,2015,1,Aimer
Saving Us,o1,2015,1,Gemie
aLIEz,o1,2015,0,
Rise Above,o1,2015,1,Yosh
Summer Tears,o1,2015,1,mica
&Z,o1,2015,0,
s-AVE,o1,2015,1,Aimer
out01nzk,o1,2015,0,
TWO-lives,進撃の巨人 劇場版後編 OST,2015,0,
2Volt,進撃の巨人 劇場版後編 OST,2015,0,
TheWeightOfLives,進撃の巨人 劇場版後編 OST,2015,0,
Dim Light,終わりのセラフ 名古屋決戦編（第2クール）,2016,0,mpi
4-a:,終わりのセラフ 名古屋決戦編（第2クール）,2016,0,
WD×2,終わりのセラフ 名古屋決戦編（第2クール）,2016,0,
21科315,終わりのセラフ 名古屋決戦編（第2クール）,2016,0,
WD×2 <ver.2>,終わりのセラフ 名古屋決戦編（第2クール）,2016,0,
4-a:slow,終わりのセラフ 名古屋決戦編（第2クール）,2016,0,
Dim Light <instrumental>,終わりのセラフ 名古屋決戦編（第2クール）,2016,0,
friends <MODv>,ギルティクラウン REARRANGE CD,2016,0,mpi
Hill Of Sorrow <MODv>,ギルティクラウン REARRANGE CD,2016,0,mpi
Release My Soul <MODv>,ギルティクラウン REARRANGE CD,2016,0,Aimee Blackschleger
friends <MODv> (Instrumental),ギルティクラウン REARRANGE CD,2016,0,
Hill Of Sorrow <MODv> (Instrumental),ギルティクラウン REARRANGE CD,2016,0,
Release My Soul <MODv> (Instrumental),ギルティクラウン REARRANGE CD,2016,0,
ninelie,ninelie EP,2016,0,Aimer with chelly
Through My Blood <AM>,ninelie EP,2016,0,Aimer
KABANERIOFTHEIRONFORTRESS,甲鉄城のカバネリ,2016,0,Eliana
Warcry,甲鉄城のカバネリ,2016,0,mpi
KGK,甲鉄城のカバネリ,2016,0,
JAnoPAN,甲鉄城のカバネリ,2016,0,mpi
Through My Blood,甲鉄城のカバネリ,2016,0,小林未郁
noname,甲鉄城のカバネリ,2016,0,
88城,甲鉄城のカバネリ,2016,0,
VIVALABIBA,甲鉄城のカバネリ,2016,0,
ComeBack音,甲鉄城のカバネリ,2016,0,
Next of Kin,甲鉄城のカバネリ,2016,0,Benjamin
araganeekiNo@8女,甲鉄城のカバネリ,2016,0,
克JOU気MACHINE甲,甲鉄城のカバネリ,2016,0,
Grenzlinie,甲鉄城のカバネリ,2016,0,Cyua
Ktetsu上-abdli,甲鉄城のカバネリ,2016,0,
1coma,甲鉄城のカバネリ,2016,0,小林未郁
icon,甲鉄城のカバネリ,2016,0,Eliana
Warcry <MODv>,甲鉄城のカバネリ,2016,0,mpi
Next of Kin <MODv>,甲鉄城のカバネリ,2016,0,Benjamin
Grenzlinie <MODv>,甲鉄城のカバネリ,2016,0,Cyua
KK1PfVer,甲鉄城のカバネリ,2016,0,
KK11 (m6),甲鉄城のカバネリ,2016,0,
KK2-5,甲鉄城のカバネリ,2016,0,
KK2-6,甲鉄城のカバネリ,2016,0,
KK9 (m19),甲鉄城のカバネリ,2016,0,
KK12a,甲鉄城のカバネリ,2016,0,
KK12b,甲鉄城のカバネリ,2016,0,
KK12d,甲鉄城のカバネリ,2016,0,
Warcry (instrumental),甲鉄城のカバネリ,2016,0,
Through My Blood (instrumental),甲鉄城のカバネリ,2016,0,
Next of Kin (instrumental),甲鉄城のカバネリ,2016,0,
icon (instrumental),甲鉄城のカバネリ,2016,0,
Warcry <MODv> (instrumental),甲鉄城のカバネリ,2016,0,
Next of Kin <MODv> (instrumental),甲鉄城のカバネリ,2016,0,
Grenzlinie <MODv> (instrumental),甲鉄城のカバネリ,2016,0,
ətˈæk 0N tάɪtn (Mika Type Version),Mika Type い,2016,0,
βίος (Mika Type Version),Mika Type い,2016,0,
Me & Creed (Mika Type Version),Mika Type い,2016,0,
EGO,Mika Type い,2016,0,
Grey to Blue,Mika Type い,2016,0,
"So nah, so fern (Mika Type Version)",Mika Type い,2016,0,
Song of ..,Mika Type い,2016,0,
REMIND YOU,Mika Type い,2016,0,
CR€SC∃NT,Mika Type い,2016,0,
Illusion,Mika Type い,2016,0,
Into the Sky,Into the Sky EP,2016,1,Tielle
Next 2 U -eUC-,Into the Sky EP,2016,1,naNami
bL∞dy f8 -eUC-,Into the Sky EP,2016,1,Aimer
Pretenders -eO1-,Into the Sky EP,2016,1,mica
CRYst-Alise,CRYst-Alise EP,2016,1,Tielle
Rise Above (game edit),CRYst-Alise EP,2016,1,Yosh
thunderBOLTfantasy,Thunderbolt Fantasy 東離劍遊紀（第1期）,2016,0,mpi
show-no-feel,Thunderbolt Fantasy 東離劍遊紀（第1期）,2016,0,
tanh1,Thunderbolt Fantasy 東離劍遊紀（第1期）,2016,0,
5in4,Thunderbolt Fantasy 東離劍遊紀（第1期）,2016,0,
tfpf1,Thunderbolt Fantasy 東離劍遊紀（第1期）,2016,0,
coldsnowcrow,Thunderbolt Fantasy 東離劍遊紀（第1期）,2016,0,
GKpeople,Thunderbolt Fantasy 東離劍遊紀（第1期）,2016,0,
⚡bolt-arr1,Thunderbolt Fantasy 東離劍遊紀（第1期）,2016,0,
from either way,Thunderbolt Fantasy 東離劍遊紀（第1期）,2016,0,
kill don't 生kill-FUe,Thunderbolt Fantasy 東離劍遊紀（第1期）,2016,0,
Kguy&kill don't 生kiLL,Thunderbolt Fantasy 東離劍遊紀（第1期）,2016,0,
thedead,Thunderbolt Fantasy 東離劍遊紀（第1期）,2016,0,
蔑、guy,Thunderbolt Fantasy 東離劍遊紀（第1期）,2016,0,
⚡bolt-arr2,Thunderbolt Fantasy 東離劍遊紀（第1期）,2016,0,
tfpf2,Thunderbolt Fantasy 東離劍遊紀（第1期）,2016,0,
devigod,Thunderbolt Fantasy 東離劍遊紀（第1期）,2016,0,
Darkest,Thunderbolt Fantasy 東離劍遊紀（第1期）,2016,0,小林未郁
Darkest,Thunderbolt Fantasy 東離劍遊紀（第1期）,2016,0,mpi
tfpf3,Thunderbolt Fantasy 東離劍遊紀（第1期）,2016,0,
TFOUTTRACK1,Thunderbolt Fantasy 東離劍遊紀（第1期）,2016,0,
TFOUTTRACK2,Thunderbolt Fantasy 東離劍遊紀（第1期）,2016,0,
TFOUTTRACK3,Thunderbolt Fantasy 東離劍遊紀（第1期）,2016,0,
TFOUTTRACK4,Thunderbolt Fantasy 東離劍遊紀（第1期）,2016,0,
TFOUTTRACK5,Thunderbolt Fantasy 東離劍遊紀（第1期）,2016,0,
Into the Sky,機動戦士ガンダムユニコーン RE:0096 COMPLETE BEST,2016,1,Tielle
Next 2 U -eUC-,機動戦士ガンダムユニコーン RE:0096 COMPLETE BEST,2016,1,naNami
bL∞dy f8 -eUC-,機動戦士ガンダムユニコーン RE:0096 COMPLETE BEST,2016,1,Aimer
RE：I AM,機動戦士ガンダムユニコーン RE:0096 COMPLETE BEST,2016,0,Aimer
StarRingChild,機動戦士ガンダムユニコーン RE:0096 COMPLETE BEST,2016,0,Aimer
e of s,e of s EP,2016,1,mizuki
ninelie <cry-v>,e of s EP,2016,1,Aimer
e of s (game edit),e of s EP,2016,1,mizuki
ninelie <cry-v> (instrumental),e of s EP,2016,0,
BLUe-eXOSUiTe-toKYOto-弌,青の祓魔師 京都不浄王篇（第2期）,2017,0,
BLUe-eXOSUiTe-toKYOto-仁,青の祓魔師 京都不浄王篇（第2期）,2017,0,
BLUe-eXOSUiTe-toKYOto-燦,青の祓魔師 京都不浄王篇（第2期）,2017,0,
BLUe-eXOSUiTe-toKYOto-志,青の祓魔師 京都不浄王篇（第2期）,2017,0,
BLUe-eXOSUiTe-toKYOto-吾,青の祓魔師 京都不浄王篇（第2期）,2017,0,
BPF1,青の祓魔師 京都不浄王篇（第2期）,2017,0,
BPF2,青の祓魔師 京都不浄王篇（第2期）,2017,0,
BPF3,青の祓魔師 京都不浄王篇（第2期）,2017,0,
phosphorus十snowman1,青の祓魔師 京都不浄王篇（第2期）,2017,0,
phosphorus十snowman2,青の祓魔師 京都不浄王篇（第2期）,2017,0,
7guy,青の祓魔師 京都不浄王篇（第2期）,2017,0,
f-m/byeK’s-ymbook,青の祓魔師 京都不浄王篇（第2期）,2017,0,
祓魔師強奏曲 第三楽章：U & Cloud,青の祓魔師 京都不浄王篇（第2期）,2017,0,
攻響組曲 DEVIL 第一楽章：D-Evil,青の祓魔師 京都不浄王篇（第2期）,2017,0,
MATSURI,青の祓魔師 京都不浄王篇（第2期）,2017,0,
Battle Scars <Plugless Version>,青の祓魔師 京都不浄王篇（第2期）,2017,0,David Whitaker
アッシャー幻saw曲 第三楽章：die Himmlische Musik,青の祓魔師 京都不浄王篇（第2期）,2017,0,井上優弥子
アッシャー幻saw曲 第三楽章：die Himmlische Musik,青の祓魔師 京都不浄王篇（第2期）,2017,0,河合夕子
アッシャー幻saw曲 第三楽章：die Himmlische Musik,青の祓魔師 京都不浄王篇（第2期）,2017,0,内田有
Too Late To Say <MODv>,青の祓魔師 京都不浄王篇（第2期）,2017,0,Sayulee
BLUe-eXOSUiTe-toKYOto-吾 <MODv>,青の祓魔師 京都不浄王篇（第2期）,2017,0,
BEK-PfSolo,青の祓魔師 京都不浄王篇（第2期）,2017,0,
Opening [Sleeping story] ～一冊の本～,澤野弘之 アーティスト・ブック付録,2017,0,
1st Mov:[Open a title page] ～物語の始まり～,澤野弘之 アーティスト・ブック付録,2017,0,
2nd Mov:[Shining town] ～街のテーマ～,澤野弘之 アーティスト・ブック付録,2017,0,
3rd Mov:[This-long road] ～旅立ちのテーマ～,澤野弘之 アーティスト・ブック付録,2017,0,
4th Mov:[Loving each other] ～二人の恋のテーマ～,澤野弘之 アーティスト・ブック付録,2017,0,
5th Mov:[War is over] ～ラストシーン～,澤野弘之 アーティスト・ブック付録,2017,0,
Ending [Fantasia] ～希望そして旅立ち～,澤野弘之 アーティスト・ブック付録,2017,0,
RHYTHMIC technology,澤野弘之 アーティスト・ブック付録,2017,0,
1st Mov:[Open a title page] ～物語の始まり～（Reprogramming）,澤野弘之 アーティスト・ブック付録,2017,0,
9a14s,CRISIS 公安機動捜査隊特捜班,2017,0,Gemie
fire9d,CRISIS 公安機動捜査隊特捜班,2017,0,
sisirc,CRISIS 公安機動捜査隊特捜班,2017,0,
The Brave,CRISIS 公安機動捜査隊特捜班,2017,0,Yosh
public-AN,CRISIS 公安機動捜査隊特捜班,2017,0,
machine-motion-investigation-squad,CRISIS 公安機動捜査隊特捜班,2017,0,
10/9sawHALF,CRISIS 公安機動捜査隊特捜班,2017,0,
pf-9a14s,CRISIS 公安機動捜査隊特捜班,2017,0,配信限定
Barricades,進撃の巨人 Season 2,2017,0,Yosh
Barricades,進撃の巨人 Season 2,2017,0,Gemie
Barricades,進撃の巨人 Season 2,2017,0,mpi
APETITAN,進撃の巨人 Season 2,2017,0,
YouSeeBIGGIRL/T:T,進撃の巨人 Season 2,2017,0,Gemie
son2seaVer,進撃の巨人 Season 2,2017,0,
Call of Silence,進撃の巨人 Season 2,2017,0,Gemie
ERENthe標,進撃の巨人 Season 2,2017,0,
attack音D,進撃の巨人 Season 2,2017,0,Ruka
AOTs2M他1,進撃の巨人 Season 2,2017,0,
AOTs2M他2,進撃の巨人 Season 2,2017,0,
AOTs2M他3,進撃の巨人 Season 2,2017,0,
AOTs2M他4,進撃の巨人 Season 2,2017,0,
God of ink,Re:CREATORS,2017,0,mpi
rE:CRe@T0RS,Re:CREATORS,2017,0,
Re:3$penS,Re:CREATORS,2017,0,
4GL4yu8RE:E,Re:CREATORS,2017,0,
Hey39-udn,Re:CREATORS,2017,0,
RE:3343,Re:CREATORS,2017,0,
HERE I AM,Re:CREATORS,2017,0,Gemie
2109-a8Ru件,Re:CREATORS,2017,0,
AL:Lu,Re:CREATORS,2017,0,Eliana
高度8b6n,Re:CREATORS,2017,0,
8sawOGRE6,Re:CREATORS,2017,0,
Layers,Re:CREATORS,2017,0,Aimee Blackschleger
re:pianohi1tars,Re:CREATORS,2017,0,
∞GodMachine,Re:CREATORS,2017,0,
ABYSSwaltz,Re:CREATORS,2017,0,Gemie
Pf:Creators,Re:CREATORS,2017,0,
音:9RE:eita-zu,Re:CREATORS,2017,0,
BRAVE THE OCEAN,Re:CREATORS,2017,0,Eliana
E:verydaytor1,Re:CREATORS,2017,0,
Pf:CreatorsII,Re:CREATORS,2017,0,
E:verydaytor2,Re:CREATORS,2017,0,
Pf:CreatorsIII,Re:CREATORS,2017,0,
SawElephant4ゅ,Re:CREATORS,2017,0,
Pf:CreatorsIV,Re:CREATORS,2017,0,
E:verydaytor3,Re:CREATORS,2017,0,
Pf:CreatorsV,Re:CREATORS,2017,0,
God々-ground2SAY310,Re:CREATORS,2017,0,
Pf:CreatorsVI,Re:CREATORS,2017,0,
E:verydaytor4,Re:CREATORS,2017,0,
○DA-world2HEN火90,Re:CREATORS,2017,0,
God of ink <RE:Instrumental>,Re:CREATORS,2017,0,
HERE I AM <RE:Instrumental>,Re:CREATORS,2017,0,
Layers <RE:Instrumental>,Re:CREATORS,2017,0,
BRAVE THE OCEAN <RE:Instrumental>,Re:CREATORS,2017,0,
God of ink <MODv>,Re:CREATORS,2017,0,mpi
Layers <MODv>,Re:CREATORS,2017,0,Aimee Blackschleger
BRAVE THE OCEAN <MODv>,Re:CREATORS,2017,0,Eliana
gravityWall,gravityWall/sh0ut,2017,1,Tielle
gravityWall,gravityWall/sh0ut,2017,1,Gemie
sh0ut,gravityWall/sh0ut,2017,1,Tielle
sh0ut,gravityWall/sh0ut,2017,1,Gemie
oldToday,gravityWall/sh0ut,2017,1,mizuki
1ntr0duct10n,2V-ALK,2017,0,
Amazing Trees,2V-ALK,2017,1,Tielle
gravityWall,2V-ALK,2017,0,
e of s,2V-ALK,2017,0,
Club Ki3ε,2V-ALK,2017,1,Gemie
VV-ALK,2V-ALK,2017,1,Tielle
rabBIThole,2V-ALK,2017,1,Yosh
ninelie <cry-v>,2V-ALK,2017,0,
sh0ut,2V-ALK,2017,0,
ViEW,2V-ALK,2017,1,mizuki
mio MARE <2v-alk_v>,2V-ALK,2017,1,Yosh
CRYst-Alise,2V-ALK,2017,0,
Next 2 U -eUC-,2V-ALK,2017,0,
HERE I AM <2v-alk_v>,2V-ALK,2017,1,Gemie
Into the sky,2V-ALK,2017,0,
pian0s0l0,2V-ALK,2017,0,
ëmot1on,2V-ALK,2017,1,Eliana
「THEサンデーNEXT,TheサンデーNEXT,2017,0,
「THEサンデーNEXT,TheサンデーNEXT,2017,0,
「THEサンデーNEXT,TheサンデーNEXT,2017,0,
「THEサンデーNEXT,TheサンデーNEXT,2017,0,
「THEサンデーNEXT,TheサンデーNEXT,2017,0,
「THEサンデーNEXT,TheサンデーNEXT,2017,0,
「THEサンデーNEXT,TheサンデーNEXT,2017,0,
「THEサンデーNEXT,TheサンデーNEXT,2017,0,
「THEサンデーNEXT,TheサンデーNEXT,2017,0,
「THEサンデーNEXT,TheサンデーNEXT,2017,0,
「THEサンデーNEXT,TheサンデーNEXT,2017,0,
「THEサンデーNEXT,TheサンデーNEXT,2017,0,
「THEサンデーNEXT,TheサンデーNEXT,2017,0,
~ prologue ~,ALIVE,2018,0,
Alive,ALIVE,2018,0,
GET OVER IT,ALIVE,2018,0,
火の鳥,ALIVE,2018,0,
To Know You,ALIVE,2018,0,
Iron Hornet,ALIVE,2018,0,
Silver Moon,ALIVE,2018,0,
化身の獣,ALIVE,2018,0,
唯一の真実,ALIVE,2018,0,
~ epilogue ~,ALIVE,2018,0,
Binary Star,Binary Star/Cage,2018,1,Uru
Cage,Binary Star/Cage,2018,1,Tielle
Roller Coaster,Binary Star/Cage,2018,1,Gemie
Amazing Trees –extended ver.-,Binary Star/Cage,2018,1,Tielle
Binary Star (instrumental),Binary Star/Cage,2018,0,
Cage (instrumental),Binary Star/Cage,2018,0,
Binary Star (TV size),Binary Star/Cage,2018,0,『銀河英雄伝説 Die Neue These』盤
Cage (WALL-G edit),Binary Star/Cage,2018,0,『機動戦士ガンダムUC』盤
［104EYES-29CA2］suite-1楽章,七つの大罪 戒めの復活（第2期）,2018,0,
[104EYES-29CA2]suite-2楽章,七つの大罪 戒めの復活（第2期）,2018,0,
[104EYES-29CA2]suite-3楽章,七つの大罪 戒めの復活（第2期）,2018,0,
[104EYES-29CA2]suite-4楽章,七つの大罪 戒めの復活（第2期）,2018,0,
104EYES-inter,七つの大罪 戒めの復活（第2期）,2018,0,
104EYES-piano1,七つの大罪 戒めの復活（第2期）,2018,0,
104EYES-piano2,七つの大罪 戒めの復活（第2期）,2018,0,
104EYES-piano3,七つの大罪 戒めの復活（第2期）,2018,0,
104EYES-piano4,七つの大罪 戒めの復活（第2期）,2018,0,
Barricades <MOVIEver.>,劇場版 進撃の巨人 Season 2 -覚醒の咆哮- OST,2018,0,Yosh
ERENthe標 <MOVIEver.>,劇場版 進撃の巨人 Season 2 -覚醒の咆哮- OST,2018,0,
72-:31 X9,劇場版 七つの大罪 天空の囚われ人,2018,0,
銅鑼Gong4N <X9>,劇場版 七つの大罪 天空の囚われ人,2018,0,
96-6ki4,劇場版 七つの大罪 天空の囚われ人,2018,0,
L-Latte,劇場版 七つの大罪 天空の囚われ人,2018,0,
dEvilGODfamily復活動 <X9>,劇場版 七つの大罪 天空の囚われ人,2018,0,
BellRingOn,劇場版 七つの大罪 天空の囚われ人,2018,0,
7角: the1 <X9>,劇場版 七つの大罪 天空の囚われ人,2018,0,
ELIEtheBEST,劇場版 七つの大罪 天空の囚われ人,2018,0,
過多6-$ <X9>,劇場版 七つの大罪 天空の囚われ人,2018,0,
2血上-BiGsIn,劇場版 七つの大罪 天空の囚われ人,2018,0,
銅鑼Gong4N <X9-Orch>,劇場版 七つの大罪 天空の囚われ人,2018,0,
10A0D-Beet,劇場版 七つの大罪 天空の囚われ人,2018,0,
96-6ki4-◯4n,劇場版 七つの大罪 天空の囚われ人,2018,0,
[104EYES-29CA2]suite-1楽章,劇場版 七つの大罪 天空の囚われ人,2018,0,
[104EYES-29CA2]suite-2楽章,劇場版 七つの大罪 天空の囚われ人,2018,0,
[104EYES-29CA2]suite-3楽章,劇場版 七つの大罪 天空の囚われ人,2018,0,
[104EYES-29CA2]suite-4楽章,劇場版 七つの大罪 天空の囚われ人,2018,0,
104EYES-inter,劇場版 七つの大罪 天空の囚われ人,2018,0,
104EYES-piano2,劇場版 七つの大罪 天空の囚われ人,2018,0,
Perfect Time,劇場版 七つの大罪 天空の囚われ人,2018,0,mpi
Perfect Time,劇場版 七つの大罪 天空の囚われ人,2018,0,小林未郁
Eri0ne$,劇場版 七つの大罪 天空の囚われ人,2018,0,
GR雷,劇場版 七つの大罪 天空の囚われ人,2018,0,
Vigilante,機動戦士ガンダムNT,2018,0,mpi
Vigilante,機動戦士ガンダムNT,2018,0,Gemie
symphonicsuiteNT-no1,機動戦士ガンダムNT,2018,0,
symphonicsuiteNT-no2,機動戦士ガンダムNT,2018,0,
symphonicsuiteNT-no3,機動戦士ガンダムNT,2018,0,
symphonicsuiteNT-no4,機動戦士ガンダムNT,2018,0,
symphonicsuiteNT-no5,機動戦士ガンダムNT,2018,0,
Vigilante <ver0.5+@>,機動戦士ガンダムNT,2018,0,mpi
Vigilante <ver0.5+@>,機動戦士ガンダムNT,2018,0,Gemie
synthenicsuiteNT-no1,機動戦士ガンダムNT,2018,0,
synthenicsuiteNT-no2,機動戦士ガンダムNT,2018,0,
pianoNT1,機動戦士ガンダムNT,2018,0,
pianoNT2,機動戦士ガンダムNT,2018,0,
pianoNT3,機動戦士ガンダムNT,2018,0,
Vigilante (Inst),機動戦士ガンダムNT,2018,0,
Vigilante <ver0.5+@> （Inst）,機動戦士ガンダムNT,2018,0,
［BONUS TRACK］機動戦士ガンダムUC RE:MIX0096,機動戦士ガンダムNT,2018,0,
narrative,narrative/NOISEofRAIN,2018,1,LiSA
NOISEofRAIN,narrative/NOISEofRAIN,2018,1,Takanori Nishikawa
Christmas Scene,narrative/NOISEofRAIN,2018,1,mizuki
Christmas Scene,narrative/NOISEofRAIN,2018,1,Tielle
Cage <NTv>,narrative/NOISEofRAIN,2018,1,Tielle
His/Story (OP ver.),Thunderbolt Fantasy 東離劍遊紀2（第2期）,2018,0,西川貴教
Thunder801tFantasy2,Thunderbolt Fantasy 東離劍遊紀2（第2期）,2018,0,
TBFworld,Thunderbolt Fantasy 東離劍遊紀2（第2期）,2018,0,
○KN,Thunderbolt Fantasy 東離劍遊紀2（第2期）,2018,0,
TPF-1,Thunderbolt Fantasy 東離劍遊紀2（第2期）,2018,0,
TPF-2,Thunderbolt Fantasy 東離劍遊紀2（第2期）,2018,0,
TPF-3,Thunderbolt Fantasy 東離劍遊紀2（第2期）,2018,0,
TPF-4,Thunderbolt Fantasy 東離劍遊紀2（第2期）,2018,0,
Roll The Dice (ED ver.),Thunderbolt Fantasy 東離劍遊紀2（第2期）,2018,0,西川貴教
M2A_Final [LoopCut],『機動戦士ガンダムＵＣ』Unreleased Soundtrack,2018,0,
M14A_Final [LoopCut],『機動戦士ガンダムＵＣ』Unreleased Soundtrack,2018,0,
M16A_Final [LoopCut],『機動戦士ガンダムＵＣ』Unreleased Soundtrack,2018,0,
M26_Final,『機動戦士ガンダムＵＣ』Unreleased Soundtrack,2018,0,
UC2M9_Final#2,『機動戦士ガンダムＵＣ』Unreleased Soundtrack,2018,0,
UC4M10c_Final,『機動戦士ガンダムＵＣ』Unreleased Soundtrack,2018,0,
0001,『機動戦士ガンダムUC』ニューベストOST,2019,0,
MINEVA,『機動戦士ガンダムUC』ニューベストOST,2019,0,
AUDREY,『機動戦士ガンダムUC』ニューベストOST,2019,0,
RE:I AM MARIE,『機動戦士ガンダムUC』ニューベストOST,2019,0,
BRING ON A WAR,『機動戦士ガンダムUC』ニューベストOST,2019,0,
RIDDHE,『機動戦士ガンダムUC』ニューベストOST,2019,0,
20140517,『機動戦士ガンダムUC』ニューベストOST,2019,0,
DESERT,『機動戦士ガンダムUC』ニューベストOST,2019,0,
INFERNAL AFFAIRS,『機動戦士ガンダムUC』ニューベストOST,2019,0,
NEO ZEON,『機動戦士ガンダムUC』ニューベストOST,2019,0,
MARTHA,『機動戦士ガンダムUC』ニューベストOST,2019,0,
UNICORN GUNDAM,『機動戦士ガンダムUC』ニューベストOST,2019,0,
MGUC,『機動戦士ガンダムUC』ニューベストOST,2019,0,
Unti-L (short ver.),『機動戦士ガンダムUC』ニューベストOST,2019,1,ASCA
Glory -into the RM-,R∃/MEMBER,2019,1,SUGIZO
EVERCHiLD,R∃/MEMBER,2019,1,Akihito Okano(ポルノグラフィティ)
never gonna change,R∃/MEMBER,2019,1,スキマスイッチ
narrative,R∃/MEMBER,2019,0,
i-mage,R∃/MEMBER,2019,1,Aimer
NOISEofRAIN,R∃/MEMBER,2019,0,
Binary Star,R∃/MEMBER,2019,0,
ME & CREED <nZkv>,R∃/MEMBER,2019,1,さユり
Unti-L,R∃/MEMBER,2019,1,ASCA
Cage,R∃/MEMBER,2019,0,
REMEMBER,R∃/MEMBER,2019,0,
S_TEAM,甲鉄城のカバネリ COMPLETE SOUNDTRACK,2019,0,Eliana
ninelie (Lv),甲鉄城のカバネリ COMPLETE SOUNDTRACK,2019,0,Laco
KABANERI-SEAGATE弌,甲鉄城のカバネリ COMPLETE SOUNDTRACK,2019,0,
KABANERI-SEAGATE二,甲鉄城のカバネリ COMPLETE SOUNDTRACK,2019,0,
S_TEAM（Instrumental）,甲鉄城のカバネリ COMPLETE SOUNDTRACK,2019,0,
ninelie(Lv)（Instrumental）,甲鉄城のカバネリ COMPLETE SOUNDTRACK,2019,0,
S_TEAM -Orchestra ver-,甲鉄城のカバネリ COMPLETE SOUNDTRACK,2019,0,
Inferno,プロメア,2019,0,Benjamin
Inferno,プロメア,2019,0,mpi
PRO//MARE,プロメア,2019,0,
GAL-OTHY-MOS,プロメア,2019,0,
Λsʜᴇs,プロメア,2019,0,Gemie
WORLDBIGFLAMEUP,プロメア,2019,0,
PROMARETHEME,プロメア,2019,0,
BangBangBUR!...n?,プロメア,2019,0,
NEXUS,プロメア,2019,0,Laco
BAR2tsuSH,プロメア,2019,0,
DeusPRO召す,プロメア,2019,0,
fanFAREpiZZA,プロメア,2019,0,
Λsʜᴇs ~RETURNS~,プロメア,2019,0,Gemie
燃焼ING-RES9,プロメア,2019,0,
BAR2NG4女14yoN,プロメア,2019,0,
904SITE,プロメア,2019,0,
REG-GIRT,プロメア,2019,0,
RE:0,プロメア,2019,0,
PIROMARE,プロメア,2019,0,
Gallant Ones,プロメア,2019,0,Benjamin
Gallant Ones,プロメア,2019,0,mpi
stre:0ings,プロメア,2019,0,
火-YO!人,プロメア,2019,0,
K2-,進撃の巨人 Season 3,2019,0,
Zero Eclipse,進撃の巨人 Season 3,2019,0,Laco
SymphonicSuite[AoT]Part1-1st:0Sk,進撃の巨人 Season 3,2019,0,
SymphonicSuite[AoT]Part1-2nd:一s十りA,進撃の巨人 Season 3,2019,0,
SymphonicSuite［AoT］Part1-3rd:BARRIchestra,進撃の巨人 Season 3,2019,0,
SymphonicSuite[AoT]Part1-4th:7-b@$,進撃の巨人 Season 3,2019,0,
K21,進撃の巨人 Season 3,2019,0,David Whitaker
AoTs3-3spens/21石,進撃の巨人 Season 3,2019,0,
Call your name <Gv>,進撃の巨人 Season 3,2019,0,Gemie
SymphonicSuite［AoT］Part2-1st:ətˈæk 0N tάɪtn <WMId>,進撃の巨人 Season 3,2019,0,Eliana
SymphonicSuite[AoT]Part2-2nd:ShingekiNoKyojin,進撃の巨人 Season 3,2019,0,
SymphonicSuite[AoT]Part2-3rd:Before Lights Out,進撃の巨人 Season 3,2019,0,Laco
SymphonicSuite[AoT]Part2-4th:2An,進撃の巨人 Season 3,2019,0,
SymphonicSuite[AoT]Part2-5th:Apple Seed,進撃の巨人 Season 3,2019,0,mpi
SymphonicSuite[AoT]Part2-5th:Apple Seed,進撃の巨人 Season 3,2019,0,Laco
SymphonicSuite[AoT]Part2-6th:ThanksAT,進撃の巨人 Season 3,2019,0,
ERENthe標 <MOVIEver.>,進撃の巨人 Season 3,2019,0,
Barricades <MOVIEver.>,進撃の巨人 Season 3,2019,0,Yosh
AoTs3-PF1,進撃の巨人 Season 3,2019,0,
T-KT,進撃の巨人 Season 3,2019,0,
A1Gう,進撃の巨人 Season 3,2019,0,
AoTs3-PF2,進撃の巨人 Season 3,2019,0,
AoTs3-1000略,進撃の巨人 Season 3,2019,0,
tooth-i:,進撃の巨人 Season 3,2019,0,
LENぞ97n10火巨説MAHLE,進撃の巨人 Season 3,2019,0,
K21 (Instrumental),進撃の巨人 Season 3,2019,0,
Zero Eclipse (Instrumental),進撃の巨人 Season 3,2019,0,
Barricades <MOVIEver.> (Instrumental),進撃の巨人 Season 3,2019,0,
Call your name <Gv> (Instrumental),進撃の巨人 Season 3,2019,0,
ətˈæk 0N tάɪtn <WMId> (Instrumental),進撃の巨人 Season 3,2019,0,
Apple Seed (Instrumental),進撃の巨人 Season 3,2019,0,
31N-M,サイン -法医学者 柚木貴志の事件-,2019,0,
31N-S,サイン -法医学者 柚木貴志の事件-,2019,0,
31N-A,サイン -法医学者 柚木貴志の事件-,2019,0,
31N-P,サイン -法医学者 柚木貴志の事件-,2019,0,
Tranquility,Tranquility/Trollz,2019,1,Anly
Trollz,Tranquility/Trollz,2019,1,Laco
Felidae,Tranquility/Trollz,2019,1,Gemie
Felidae,Tranquility/Trollz,2019,1,Tielle
Binary Star_moll,Tranquility/Trollz,2019,1,Uru
Tranquility (instrumental),Tranquility/Trollz,2019,0,
Trollz (instrumental),Tranquility/Trollz,2019,0,
Inferno <MODv>,プロメア リミックス&リアレンジ CD,2020,0,Benjamin
Inferno <MODv>,プロメア リミックス&リアレンジ CD,2020,0,mpi
NEXUS <MODv>,プロメア リミックス&リアレンジ CD,2020,0,Laco
Λsʜᴇs <MODv>,プロメア リミックス&リアレンジ CD,2020,0,Gemie
Gallant Ones <MODv>,プロメア リミックス&リアレンジ CD,2020,0,Benjamin
Gallant Ones <MODv>,プロメア リミックス&リアレンジ CD,2020,0,mpi
eramorp,プロメア リミックス&リアレンジ CD,2020,0,naNami
Inferno <MODv> (Instrumental),プロメア リミックス&リアレンジ CD,2020,0,
NEXUS <MODv> (Instrumental),プロメア リミックス&リアレンジ CD,2020,0,
Λsʜᴇs <MODv> (Instrumental),プロメア リミックス&リアレンジ CD,2020,0,
Gallant Ones <MODv> (Instrumental),プロメア リミックス&リアレンジ CD,2020,0,
eramorp (Instrumental),プロメア リミックス&リアレンジ CD,2020,0,
72-:THE1/KG-GR-1,七つの大罪 神々の逆鱗（第3期）,2020,0,
72-:THE1/KG-GR-2,七つの大罪 神々の逆鱗（第3期）,2020,0,
72-:THE1/KG-GR-3,七つの大罪 神々の逆鱗（第3期）,2020,0,
72-:THE1/KG-GR-4,七つの大罪 神々の逆鱗（第3期）,2020,0,
Inferno,BEST OF VOCAL WORKS [nZk] 2,2020,0,Benjamin Anderson
Inferno,BEST OF VOCAL WORKS [nZk] 2,2020,0,mpi
StarRingChild,BEST OF VOCAL WORKS [nZk] 2,2020,0,Aimer
Warcry,BEST OF VOCAL WORKS [nZk] 2,2020,0,mpi
Alive,BEST OF VOCAL WORKS [nZk] 2,2020,0,Do As Infinity
Zero Eclipse,BEST OF VOCAL WORKS [nZk] 2,2020,0,Laco
Next of Kin,BEST OF VOCAL WORKS [nZk] 2,2020,0,Benjamin Anderson
Barricades,BEST OF VOCAL WORKS [nZk] 2,2020,0,Yosh
Barricades,BEST OF VOCAL WORKS [nZk] 2,2020,0,Gemie
Barricades,BEST OF VOCAL WORKS [nZk] 2,2020,0,mpi
BRAVE THE OCEAN,BEST OF VOCAL WORKS [nZk] 2,2020,0,Eliana
ninelie,BEST OF VOCAL WORKS [nZk] 2,2020,0,Aimer with chelly
Vigilante,BEST OF VOCAL WORKS [nZk] 2,2020,0,mpi
Vigilante,BEST OF VOCAL WORKS [nZk] 2,2020,0,Gemie
The Brave,BEST OF VOCAL WORKS [nZk] 2,2020,0,Yosh
No differences,BEST OF VOCAL WORKS [nZk] 2,2020,0,Aimee Blackschleger
NEXUS,BEST OF VOCAL WORKS [nZk] 2,2020,0,Laco
God of ink,BEST OF VOCAL WORKS [nZk] 2,2020,0,mpi
Roll The Dice,BEST OF VOCAL WORKS [nZk] 2,2020,0,西川貴教
Release My Soul,BEST OF VOCAL WORKS [nZk] 2,2020,0,Aimee Blackschleger
S_TEAM,BEST OF VOCAL WORKS [nZk] 2,2020,0,Eliana
theDOGS,BEST OF VOCAL WORKS [nZk] 2,2020,0,mpi
aLIEz,BEST OF VOCAL WORKS [nZk] 2,2020,1,mizuki
REMEMBER,BEST OF VOCAL WORKS [nZk] 2,2020,1,SawanoHiroyuki[nZk]
X.U.,BEST OF VOCAL WORKS [nZk] 2,2020,1,Gemie
Into the Sky,BEST OF VOCAL WORKS [nZk] 2,2020,1,Tielle
Binary Star,BEST OF VOCAL WORKS [nZk] 2,2020,1,Uru
sh0ut,BEST OF VOCAL WORKS [nZk] 2,2020,1,Tielle
sh0ut,BEST OF VOCAL WORKS [nZk] 2,2020,1,Gemie
scaPEGoat,BEST OF VOCAL WORKS [nZk] 2,2020,1,Yosh
Cage,BEST OF VOCAL WORKS [nZk] 2,2020,1,Tielle
&Z,BEST OF VOCAL WORKS [nZk] 2,2020,1,mizuki
narrative,BEST OF VOCAL WORKS [nZk] 2,2020,1,LiSA
gravityWall,BEST OF VOCAL WORKS [nZk] 2,2020,1,Tielle
gravityWall,BEST OF VOCAL WORKS [nZk] 2,2020,1,Gemie
Tranquility,BEST OF VOCAL WORKS [nZk] 2,2020,1,Anly
e of s,BEST OF VOCAL WORKS [nZk] 2,2020,1,mizuki
NOISEofRAIN,BEST OF VOCAL WORKS [nZk] 2,2020,1,Takanori Nishikawa
CRYst-Alise,BEST OF VOCAL WORKS [nZk] 2,2020,1,Tielle
A/Z,BEST OF VOCAL WORKS [nZk] 2,2020,1,mizuki
BELONG,BEST OF VOCAL WORKS [nZk] 2,2020,1,Yosh
N01R,BEST OF VOCAL WORKS [nZk] 2,2020,0,Tielle
Sea of Fire,BEST OF VOCAL WORKS [nZk] 2,2020,0,mizuki
Unordinary,BEST OF VOCAL WORKS [nZk] 2,2020,0,CASG(Caramel Apple Sound Gadget)
Chaos Drifters,Chaos Drifters / CRY,2020,1,Jean-Ken Johnny
CRY,Chaos Drifters / CRY,2020,1,mizuki
Bios-LaZaRuS,Chaos Drifters / CRY,2020,1,Gemie
Bios-LaZaRuS,Chaos Drifters / CRY,2020,1,Tielle
Chaos Drifters (instrumental),Chaos Drifters / CRY,2020,0,通常盤
CRY (instrumental),Chaos Drifters / CRY,2020,0,通常盤
Chaos Drifters (TV size),Chaos Drifters / CRY,2020,0,期間生産限定盤A
CRY (TV size),Chaos Drifters / CRY,2020,0,期間生産限定盤B
IV,iv,2021,0,
FLAW(LESS),iv,2021,1,Yosh
FAVE,iv,2021,1,AiNA THE END
Chaos Drifters,iv,2021,1,ean-Ken Johnny
N0VA,iv,2021,1,naNami
Tranquility,iv,2021,1,Anly
time,iv,2021,1,ReoNa
Trollz,iv,2021,1,Laco
Till I,iv,2021,1,優里
Felidae <iv-ver.>,iv,2021,1,Gemie
Felidae <iv-ver.>,iv,2021,1,Tielle
CRY,iv,2021,1,mizuki
膏,iv,2021,1,okazakitaiiku
OUT OF “iv”,iv,2021,0,
Barricades <MODv>,iv,2021,1,Yosh
Keep on keeping on <MODv>,iv,2021,1,mizuki
NEXUS <PODv>,iv,2021,1,Laco
